"Title","WorkoutType","WorkoutDescription","PlannedDuration","PlannedDistanceInMeters","WorkoutDay","CoachComments","DistanceInMeters","PowerAverage","PowerMax","Energy","AthleteComments","TimeTotalInHours","VelocityAverage","VelocityMax","CadenceAverage","CadenceMax","HeartRateAverage","HeartRateMax","TorqueAverage","TorqueMax","IF","TSS","HRZone1Minutes","HRZone2Minutes","HRZone3Minutes","HRZone4Minutes","HRZone5Minutes","HRZone6Minutes","HRZone7Minutes","HRZone8Minutes","HRZone9Minutes","HRZone10Minutes","PWRZone1Minutes","PWRZone2Minutes","PWRZone3Minutes","PWRZone4Minutes","PWRZone5Minutes","PWRZone6Minutes","PWRZone7Minutes","PWRZone8Minutes","PWRZone9Minutes","PWRZone10Minutes","Rpe","Feeling"
"SWim","Swim","10' aquecimento 20' zona 3 com palas","0.5","","2025-08-27","","","","","","","","","","","","","","","","","","","","","","","","","","","","","","","","","","","","","","",""
"Tempo Run 4x5'","Run","20' Aquecimento 4x5' Zona 3 / 2' easy pace 10' Cooldown","0.966666666666667","","2025-08-28","","15341.6904296875","","","","","1.50306510925293","2.83500003814697","","157","","157","179","","","0.863961517919994","125.68","1","3","3","66","11","5","2","","","","","","","","","","","","","","",""
"Zn1 - Regenerativo","Bike","Treino regenerativo Percurso plano Zn1 - rolar fácil","1","","2025-08-29","","24172.919921875","106","123","353.12","","0.923378646373749","7.27199983596802","","89","","","","","","0.455183931247205","18.98","","","","","","","","","","","55","0","0","0","0","0","","","","","",""
"AE1","Run","Imediatamente a seguir à bike, corrida em zona 1 num percurso plano e piso macio","0.25","","2025-08-29","","","","","","","","","","","","","","","","","","","","","","","","","","","","","","","","","","","","","","",""
"Bike Tempo 4x8' - dia de nutrição","Bike","","3","","2025-08-30","","60772.94140625","","","","","2.12741470336914","7.93499994277954","","","","146","177","","","0.808564441153368","157.06","15","36","28","25","8","12","4","","","","","","","","","","","","","","",""
"Transição - LSD - dia de nutrição","Run","Long Slow Distance Ritmo baixa e técnica correta","1","","2025-08-30","Classic long slow distance (LSD) training. Sensation of leg effort/fatigue generally low, but may rise periodically to higher levels. Concentration generally required to maintain effort only at highest end of range and/or during longer training sessions. Breathing is more regular than at level 1, but continuous conversation still possible.","10220.330078125","","","","","1.00415110588074","2.82699990272522","","157","","155","168","","","0.864482646183795","83.12","1","1","7","46","5","1","0","","","","","","","","","","","","","","",""
"Base Builder (Power)","Bike","Ride on a flat to gently rolling course. Get at least 50% of ride time in power zone 2. Avoid 3-5 zones. Keep the 2-zone effort steady and continuous. After the ride confirm that you got at least 50% of the ride in zone 2.","3","","2025-08-31","","","","","","","","","","","","","","","","","","","","","","","","","","","","","","","","","","","","","","",""
"LSD","Run","Long Slow Distance Ritmo baixa e técnica correta","1.5","","2025-09-01","Classic long slow distance (LSD) training. Sensation of leg effort/fatigue generally low, but may rise periodically to higher levels. Concentration generally required to maintain effort only at highest end of range and/or during longer training sessions. Breathing is more regular than at level 1, but continuous conversation still possible.","16075.650390625","","","","","1.50857698917389","2.96000003814697","","157","","164","176","","","0.902750544778475","137.63","1","1","1","22","17","48","2","","","","","","","","","","","","","","","5"
"12,5 Fast","Swim","400 snorkel + fins 400 snorkel + pull 8x25 progressivo nos 25m - saída 40"" 20x50 (12,5 fast + 37,5 easy) - 15"" descanso 200 easy","0.75","2000","2025-09-02","","","","","","","","","","","","","","","","","","","","","","","","","","","","","","","","","","","","","","",""
"Bike tempo - 4x5'","Bike","20' aquecimento easy 4x5min Zn3 - recuperação 2' easy 12' cooldwon","1","","2025-09-03","","20965.650390625","128","204","346.863","","0.750757813453674","7.75699996948242","","85","","","","","","0.620250756983471","28.62","","","","","","","","","","","35","10","0","0","0","0","","","","","",""
"Intervalado Curto 200+200","Run","20' Aquecimento 4 retas progressivas 10x(200 fast + 200 easy) NON STOP 5' Cooldown","1","","2025-09-04","","","","","","","","","","","","","","","","","","","","","","","","","","","","","","","","","","","","","","",""
"Zn1 - Regenerativo","Bike","Treino regenerativo Percurso plano Zn1 - rolar fácil","1","","2025-09-05","","","","","","","","","","","","","","","","","","","","","","","","","","","","","","","","","","","","","","",""
"AE1","Run","Imediatamente a seguir à bike, corrida em zona 1 num percurso plano e piso macio","0.25","","2025-09-05","","","","","","","","","","","","","","","","","","","","","","","","","","","","","","","","","","","","","","",""
"Strength","Strength","","","","2025-09-05","","0","","","","","1.08903968334198","0","","","","98","151","","","0.582291340462115","40.99","63","2","0","0","0","0","0","","","","","","","","","","","","","","",""
"Bike Tempo 4x8' - dia de nutrição","Bike","","3","","2025-09-06","","81921.15625","","","","","2.90596175193787","7.83099985122681","","","","152","180","","","0.839367782703336","232.95","12","31","26","60","22","19","4","","","","","","","","","","","","","","",""
"Transição - LSD - dia de nutrição","Run","Long Slow Distance Ritmo baixa e técnica correta","1","","2025-09-06","Classic long slow distance (LSD) training. Sensation of leg effort/fatigue generally low, but may rise periodically to higher levels. Concentration generally required to maintain effort only at highest end of range and/or during longer training sessions. Breathing is more regular than at level 1, but continuous conversation still possible.","8344.1396484375","","","","","0.781464159488678","2.96600008010864","","157","","167","179","","","0.90895073646108","71.08","0","0","0","2","6","30","7","","","","","","","","","","","","","","",""
"Desnível acumulado","Bike","Máximo desnível acumulado com subidas em 60/70 Rpm sentado","3","","2025-09-07","","","","","","","","","","","","","","","","","","","","","","","","","","","","","","","","","","","","","","",""
"LSD","Run","Long Slow Distance Ritmo baixa e técnica correta","1","","2025-09-08","Classic long slow distance (LSD) training. Sensation of leg effort/fatigue generally low, but may rise periodically to higher levels. Concentration generally required to maintain effort only at highest end of range and/or during longer training sessions. Breathing is more regular than at level 1, but continuous conversation still possible.","","","","","","","","","","","","","","","","","","","","","","","","","","","","","","","","","","","","","",""
"Swim #2","Swim","800 snorkel 4x50 pull saída 1' 5x100 @ 2'30 Zn2 palas, snorkel, elástico, pull 5x100 @ 1'30 with snorkel + fins 4x50 pernas (25 fast + 25 easy) 200 easy","0.75","2400","2025-09-09","","","","","","","","","","","","","","","","","","","","","","","","","","","","","","","","","","","","","","",""
"Base Builder (Power)","Bike","Ride on a flat to gently rolling course. Get at least 50% of ride time in power zone 2. Avoid 3-5 zones. Keep the 2-zone effort steady and continuous. After the ride confirm that you got at least 50% of the ride in zone 2.","1.5","","2025-09-10","","","","","","","","","","","","","","","","","","","","","","","","","","","","","","","","","","","","","","",""
"Strength","Strength","","","","2025-09-10","","0","","","","","0.900199711322784","0","","","","74","99","","","0.526043592134375","27.52","54","0","0","0","0","0","0","","","","","","","","","","","","","","",""
"Tempo run progressivo","Run","15' aquecimento 1' fast + 1' easy 2' fast + 2' easy 3' fast + 3' easy 4'fast + 4' easy 5' fast + 5' easy 5' cooldown","0.833333333333333","","2025-09-11","","9346.1796875","","","","","0.808110535144806","3.21300005912781","","159","","170","185","","","0.979006040772392","85.58","1","1","1","1","7","15","23","","","","","","","","","","","","","","","5"
"12,5 Fast","Swim","400 snorkel + fins 400 snorkel + pull 8x25 progressivo nos 25m - saída 40"" 20x50 (12,5 fast + 37,5 easy) - 15"" descanso 200 easy","0.75","2000","2025-09-12","","","","","","","","","","","","","","","","","","","","","","","","","","","","","","","","","","","","","","",""
"Pre-race Run","Run","Corrida em zona2 com 3 a 4x ritmo de prova durante 30""","0.333333333333333","","2025-09-13","","","","","","","","","","","","","","","","","","","","","","","","","","","","","","","","","","","","","","",""
"Cycling","Bike","","","","2025-09-13","","36696.12109375","","","","","1.32167947292328","7.71199989318848","","","","130","165","","","0.669802288554981","66.14","40","25","7","7","1","0","0","","","","","","","","","","","","","","",""
"Zn1 - Regenerativo","Bike","Treino regenerativo Percurso plano Zn1 - rolar fácil","1","","2025-09-15","","","","","","","","","","","","","","","","","","","","","","","","","","","","","","","","","","","","","","",""
"Swim - palas","Swim","10' aquecimento 20' z2 com palas 5' easy","0.583333333333333","","2025-09-16","","","","","","","","","","","","","","","","","","","","","","","","","","","","","","","","","","","","","","",""
"Base Builder (Power)","Bike","Ride on a flat to gently rolling course. Get at least 50% of ride time in power zone 2. Avoid 3-5 zones. Keep the 2-zone effort steady and continuous. After the ride confirm that you got at least 50% of the ride in zone 2.","1.5","","2025-09-16","","43069.26953125","","","","","1.51476299762726","7.89799976348877","","","","146","174","","","0.790334027534023","105.9","10","20","25","28","3","3","0","","","","","","","","","","","","","","",""
"LSD","Run","Long Slow Distance Ritmo baixa e técnica correta","1","","2025-09-17","Classic long slow distance (LSD) training. Sensation of leg effort/fatigue generally low, but may rise periodically to higher levels. Concentration generally required to maintain effort only at highest end of range and/or during longer training sessions. Breathing is more regular than at level 1, but continuous conversation still possible.","10257.7900390625","","","","","1.03365302085876","2.75699996948242","","154","","158","178","","","0.85372424867218","83.5","1","5","6","24","13","9","5","","","","","","","","","","","","","","",""
"2kms","Swim","2kms seguidos em ritmo de prova","","2000","2025-09-18","","","","","","","","","","","","","","","","","","","","","","","","","","","","","","","","","","","","","","",""
"Zona 2 + 30"" Maximo","Bike","20' Aquecimento 15x 9'30 Zona 3 30"" MUITO FORTES 10' easy","3","","2025-09-18","","76722.5234375","","","","","2.79851317405701","7.61499977111816","","","","143","175","","","0.760559752289189","184.03","26","57","37","38","5","3","1","","","","","","","","","","","","","","6","3"
"Surfing","Rowing","","","","2025-09-18","","981.900024414063","","","","","0.480878055095673","0.566999971866608","","","","141","173","","","0.771465512493212","31.14","8","8","4","6","1","2","0","","","","","","","","","","","","","","",""
"Tempo run progressivo","Run","15' aquecimento 1' fast + 1' easy 2' fast + 2' easy 3' fast + 3' easy 4'fast + 4' easy 5' fast + 5' easy 5' cooldown","0.833333333333333","","2025-09-19","","9293.33984375","","","","","1.02229249477386","2.52500009536743","","153","","145","163","","","0.766442306374927","66.56","2","20","27","11","0","0","0","","","","","","","","","","","","","","",""
"Surfing","Rowing","","","","2025-09-19","","2294.43994140625","","","","","0.846439123153687","0.753000020980835","","","","113","148","","","0.606758001228858","34.39","47","3","0","0","0","0","0","","","","","","","","","","","","","","",""
"Águas abertas 1","Swim","10' aquecimento 4x(5' race pace + 4' zona 2) 5' cooldown","0.85","3070","2025-09-20","","","","","","","","","","","","","","","","","","","","","","","","","","","","","","","","","","","","","","",""
"Base Builder (Power)","Bike","Ride on a flat to gently rolling course. Get at least 50% of ride time in power zone 2. Avoid 3-5 zones. Keep the 2-zone effort steady and continuous. After the ride confirm that you got at least 50% of the ride in zone 2.","1.5","","2025-09-20","","","","","","","","","","","","","","","","","","","","","","","","","","","","","","","","","","","","","","",""
"Transição - 30' Run - Zn2","Run","Corrida em Zn2 com piso soft Pulso @140","0.5","","2025-09-20","","","","","","","","","","","","","","","","","","","","","","","","","","","","","","","","","","","","","","",""
"Surfing","Rowing","","","","2025-09-20","","3231.34008789063","","","","","1.15250360965729","0.778999984264374","","","","121","150","","","0.627031935063057","50.38","53","14","2","0","0","0","0","","","","","","","","","","","","","","",""
"Level 2","Bike","Flat course Rolar com acelarações a cada 10' (sprint de 10"")","2.16666666666667","","2025-09-21","20min Zona 1 10x 9'50"" Zona 2 10"" Zona 6 10' Cooldown","","","","","","","","","","","","","","","","","","","","","","","","","","","","","","","","","","","","","",""
"LSD - 18kms","Run","Correr 18kms em LSD","","18000","2025-09-22","","","","","","","","","","","","","","","","","","","","","","","","","","","","","","","","","","","","","","",""
"Swim - palas + fins","Swim","400 snorkel + fins 400 snorkel + pull 8x50 pernas com barbatanas - saída 50"" 4x100 - saída 1'45 com palas + fins 200 easy 4x100 - saída 1'45 com palas + fins 200 easy 4x100 - saída 1'45 com palas + fins 200 easy","1","3000","2025-09-23","","","","","","","","","","","","","","","","","","","","","","","","","","","","","","","","","","","","","","",""
"Bike tempo - 4x5'","Bike","20' aquecimento easy 4x5min Zn3 - recuperação 2' easy 12' cooldwon","1","","2025-09-24","","","","","","","","","","","","","","","","","","","","","","","","","","","","","","","","","","","","","","",""
"60' Easy pace","Run","60' easy pace + 4 retas 20"" . recuperação a andar na distância percorrida","1.03333333333333","","2025-09-25","","","","","","","","","","","","","","","","","","","","","","","","","","","","","","","","","","","","","","",""
"Swim - 2sets - wetsuit","Swim","300 snorkel + fins 300 snorkel + pull 5x100 zona 2 - descanso 15"" 2x 300 zona 2 com palas - descanso 50"" 2x200 zona 3 com palas e fins - descanso 30"" 100 com fins - máximo 100 easy","1","2900","2025-09-26","","","","","","","","","","","","","","","","","","","","","","","","","","","","","","","","","","","","","","",""
"Uphill Stride Work","Run","Warm up about 20 minutes in zones 1-2. Then run 5x20 seconds up a moderate grade (3-5%) hill at RPE 9 (very high effort). Powerful, quick strides. Use arms vigorously. After each uphill, walk down slowly taking a minute or more for recovery. Cool down with heart rate in zone 1 for the remainder of the scheduled workout time. (This is best outdoors but may be done on a treadmill).","0.5","","2025-09-26","","11006.2001953125","","","","","1.02312088012695","2.98799991607666","","159","","160","178","","","0.915578512820776","95.06","1","6","4","13","17","21","1","","","","","","","","","","","","","","",""
"Bike Tempo 4x10'","Bike","","3.13333333333333","","2025-09-27","","65640.8203125","","","","","2.28339791297913","7.9850001335144","","","","139","172","","","0.749014395780771","144.85","47","29","24","20","9","9","0","","","","","","","","","","","","","","","5"
"Transição-Tempo Run 4x5'","Run","4x5' Zona 3 / 2' easy pace 10' Cooldown","0.633333333333333","","2025-09-27","","","","","","","","","","","","","","","","","","","","","","","","","","","","","","","","","","","","","","",""
"Base Builder (Power)","Bike","Ride on a flat to gently rolling course. Get at least 50% of ride time in power zone 2. Avoid 3-5 zones. Keep the 2-zone effort steady and continuous. After the ride confirm that you got at least 50% of the ride in zone 2.","3","","2025-09-28","","","","","","","","","","","","","","","","","","","","","","","","","","","","","","","","","","","","","","",""
"LSD - 16kms","Run","Correr 16kms em LSD","","16000","2025-09-29","","16010.830078125","","","","","1.55001890659332","2.86899995803833","","156","","156","171","","","0.874673683293592","132.88","0","2","16","48","19","7","0","","","","","","","","","","","","","","",""
"Swim","Swim","300 snorkel + fins 300 snorkel + pull 5x100 zona 2 - descanso 15"" 300 zona 2 com palas - descanso 50"" 2x200 zona 3 com palas e fins - descanso 30"" 100 com fins - máximo 100 easy","0.666666666666667","2000","2025-09-30","","2000","","","","","0.614433612823486","0.901713255184851","","23","","140","157","","","0.813757563982163","33.11","5","14","14","5","0","0","0","","","","","","","","","","","","","","","3"
"Bike tempo - 4x5'","Bike","20' aquecimento easy 4x5min Zn3 - recuperação 2' easy 12' cooldwon","1","","2025-10-01","","26129.830078125","143","206","463.332","","0.896905243396759","8.0930004119873","","88","","","","","","0.684990902200944","41.71","","","","","","","","","","","34","20","0","0","0","0","","","","","",""
"AE1","Run","Imediatamente a seguir à bike, corrida em zona 1 num percurso plano e piso macio","0.25","","2025-10-01","","","","","","","","","","","","","","","","","","","","","","","","","","","","","","","","","","","","","","",""
"Strength","Strength","","","","2025-10-01","","0","","","","","0.661084473133087","0","","","","80","105","","","0.536033995367972","20.83","40","0","0","0","0","0","0","","","","","","","","","","","","","","",""
"Tempo run progressivo","Run","15' aquecimento 1' fast + 1' easy 2' fast + 2' easy 3' fast + 3' easy 4'fast + 4' easy 5' fast + 5' easy 5' cooldown","0.833333333333333","","2025-10-02","","","","","","","","","","","","","","","","","","","","","","","","","","","","","","","","","","","","","","",""
"Swim - palas + fins","Swim","400 snorkel + fins 400 snorkel + pull 8x50 pernas com barbatanas - saída 50"" 4x100 - saída 1'45 com palas + fins 200 easy 4x100 - saída 1'45 com palas + fins 200 easy","0.666666666666667","2400","2025-10-03","","1575","","","","","0.504162225193448","0.863960504662644","","22","","137","163","","","0.780998615770782","24.02","9","10","5","6","1","0","0","","","","","","","","","","","","","","","5"
"Running","Run","","","","2025-10-03","","8013.759765625","","","","","0.746886372566223","2.98000001907349","","154","","170","185","","","0.910560409476649","68.18","1","1","0","1","2","23","17","","","","","","","","","","","","","","",""
"Sweet Spot + zona 2","Bike","Warm up 15' 5' @ 100% 5' Easy 2x20' @ Sweet Spot 1 (15' Intervalo) 10x1' @ Sweet Spot 2 (+105 rpm) 2' Intervalo 1h30 Zona 2 15' Cooldown","3.58333333333333","","2025-10-04","","72438.3515625","","","","","2.48599529266357","8.0939998626709","","","","139","164","","","0.727286767829643","149.03","30","65","35","18","1","0","0","","","","","","","","","","","","","","",""
"Transição - 8kms a race pace","Run","Transição 1km - W-up 8kms - race pace 1km - easy","0.842222222222222","","2025-10-04","","9023.58984375","","","","","0.848357498645782","2.95499992370605","","157","","162","175","","","0.904918564300737","76.64","1","0","3","15","9","20","3","","","","","","","","","","","","","","6","3"
"Base Builder (Power)","Bike","Ride on a flat to gently rolling course. Get at least 50% of ride time in power zone 2. Avoid 3-5 zones. Keep the 2-zone effort steady and continuous. After the ride confirm that you got at least 50% of the ride in zone 2.","2","","2025-10-05","","62875.2109375","","","","","2.09360885620117","8.34200000762939","","","","139","169","","","0.753460820714494","134.12","29","29","33","30","4","1","0","","","","","","","","","","","","","","5","3"
"LSD - 20kms","Run","Correr 20kms em LSD","","20000","2025-10-06","","20012.6796875","","","","","1.91783165931702","2.8989999294281","","156","","160","173","","","0.883721920470175","168.69","1","1","1","59","32","22","0","","","","","","","","","","","","","","3","3"
"Swim - VO2 - wetsuit","Swim","400snorkel + 100 estilos + 100 pernas 2X150L - 50 braço direito , 50 braço esquerdo, 50 normal 10X100L 25 mãximo 25 Zona2 25 máximo 25 zona 2 - descanso 15"" 200 easy 8X50L 25 MARIPOSA 25 crawl - com barbatanas 200 easy","0.833333333333333","2400","2025-10-07","","1025","","","","","0.288698889414469","0.981800766283525","","24","","134","152","","","0.887602998819007","20.19","6","7","4","1","0","0","0","","","","","","","","","","","","","","",""
"Bike tempo - 4x5'","Bike","20' aquecimento easy 4x5min Zn3 - recuperação 2' easy 12' cooldwon","1","","2025-10-08","","","","","","","","","","","","","","","","","","","","","","","","","","","","","","","","","","","","","","",""
"Strength","Strength","","","","2025-10-08","","0","","","","","0.66733330488205","0","","","","77","100","","","0.534507081372906","20.91","40","0","0","0","0","0","0","","","","","","","","","","","","","","",""
"40' Run @Zn2 + 6 retas","Run","Corrida em Zn2, piso soft e cadência +88 Pulso @140 No final fazer 6 retas progressivas de 20""","0.666666666666667","","2025-10-09","","7014.6201171875","","","","","0.672197461128235","2.8989999294281","","158","","151","175","","","0.882251189996778","57.51","2","2","9","24","2","1","1","","","","","","","","","","","","","","",""
"Swim Endurance","Swim","400 snorkel 200 fins (snorkel opcional) - aumento da cadência de braçada 8x50 (25 crawl FAST + 25 corrida) NON STOP 2000 Zn2 - palas (snorkel opcional) 200 easy","1","3000","2025-10-10","","","","","","","","","","","","","","","","","","","","","","","","","","","","","","","","","","","","","","",""
"Sweet Spot","Bike","Warm up 15' 5' @ 100% 5' Easy 2x20' @ Sweet Spot 1 (15' Intervalo) 10x1' @ Sweet Spot 2 (+105 rpm) 2' Intervalo 15' Cooldown","2.25","","2025-10-11","","67927.7578125","","","","","2.43566107749939","7.74700021743774","","","","150","182","","","0.843939282180601","196.56","18","23","20","47","15","9","14","","","","","","","","","","","","","","5","5"
"Transição - 8kms a race pace","Run","Transição 1km - W-up 8kms - race pace 1km - easy","0.842222222222222","","2025-10-11","","5013.3798828125","","","","","0.45469331741333","3.06299996376038","","159","","158","175","","","0.935333917176195","43.21","1","2","2","6","8","6","2","","","","","","","","","","","","","","6","7"
"Base Builder (Power)","Bike","Ride on a flat to gently rolling course. Get at least 50% of ride time in power zone 2. Avoid 3-5 zones. Keep the 2-zone effort steady and continuous. After the ride confirm that you got at least 50% of the ride in zone 2.","1.5","","2025-10-12","","41551.578125","","","","","1.5314416885376","7.53700017929077","","","","133","161","","","0.682658925433035","79.9","36","39","13","4","0","0","0","","","","","","","","","","","","","","1","3"
"Open Water Swimming","Swim","","","","2025-10-12","","1503.13000488281","","","","","0.517042756080627","0.808000028133392","","26","","122","134","","","0.726791927362587","19.85","30","1","0","0","0","0","0","","","","","","","","","","","","","","",""
"30' Run - Zn2","Run","Corrida em Zn2 com piso soft Pulso @140","0.5","","2025-10-13","","5010.02001953125","","","","","0.518632769584656","2.68300008773804","","156","","147","159","","","0.818886990529113","38","1","6","18","6","0","0","0","","","","","","","","","","","","","","","1"
"Swim#3","Swim","400 Snorkel 4x50 progressivo @1'20 4x50 Zn5 @ 2' 4x50 pull easy 2x100 Zn4 @ 2'30 4x50 pull easy 200 Zn3 4x50 pernas com barbatanas @45"" 200 cooldown","0.666666666666667","2000","2025-10-14","","1800","","","","","0.549349723921882","0.907715582450832","","25","","131","153","","","0.819150316099896","30.2","14","13","6","0","0","0","0","","","","","","","","","","","","","","9","1"
"Bike progressiva","Bike","1h progressiva: 20' Aquecimento progressivo Zn2 to Zn3 no final: 20' @Zn3 + 20' com 5x2' Threshold pace / 2' RI","1.05","","2025-10-15","","","","","","","","","","","","","","","","","","","","","","","","","","","","","","","","","","","","","","",""
"Transição 3x1000 Intensidade Progressiva","Run","Transição 3x1000 em ritmo progressivo ""By the feel"" 1º Tempo Pace / 1' RI 2º - Treshold Pace / 2'RI 3º - VO2 Máx Cooldown","0.416666666666667","","2025-10-15","","","","","","","","","","","","","","","","","","","","","","","","","","","","","","","","","","","","","","",""
"Recovery Day","Day Off","Actively focus on recovery today: 1) stay off of legs all you can 2) watch nutrition closely (healthy carbs, lean protein, and good fats) 3) strech 4) drink when thirsty","","","2025-10-16","","","","","","","","","","","","","","","","","","","","","","","","","","","","","","","","","","","","","","",""
"Pre-Race Swim @Pool","Swim","200L 4x50 (25 sculling + 25 normal) 4x50 (25 punho, 25 normal) 200 pernas (25 fast + 25 easy) 2x100 Estilos progressivo nos 100 4x25 FAST / 2' RI 300 @ Zn3 com 25m race pace em cada 100 100 easy","0.5","1500","2025-10-17","","1105.42004394531","","","","","0.342242240905762","0.897000014781952","","24","","136","151","","","0.807483641571947","18.02","2","17","2","0","0","0","0","","","","","","","","","","","","","","",""
"Pre Race Bike","Bike","30' a rolar com 4 a 6 acelarações","0.5","","2025-10-17","","11263.5","","","","","0.460988610982895","6.78700017929077","","","","129","163","","","0.685523099265334","23.54","15","7","4","2","0","0","0","","","","","","","","","","","","","","",""
"Pre-race Run","Run","","0.25","","2025-10-17","","2687.65991210938","","","","","0.262625277042389","2.84299993515015","","157","","160","177","","","0.874176692849636","21.49","0","0","1","5","4","5","1","","","","","","","","","","","","","","",""
"Open Water Swimming","Swim","","","","2025-10-18","","2057.21997070313","","","","","0.60431444644928","0.945999979972839","","25","","130","148","","","0.851055267167019","37.25","18","17","2","0","0","0","0","","","","","","","","","","","","","","",""
"Transition","Other","","","","2025-10-18","","616.22998046875","","","","","0.1228122189641","1.39400005340576","","46","","136","162","","","0.732326193970534","6.92","3","2","1","2","0","0","0","","","","","","","","","","","","","","",""
"Cycling","Bike","","","","2025-10-18","","90013.09375","","","","","2.78627991676331","8.97399997711182","","","","150","170","","","0.808703326033442","207.09","5","27","51","71","9","3","0","","","","","","","","","","","","","","",""
"Transition","Other","","","","2025-10-18","","311.489990234375","","","","","0.0584461130201817","1.48000001907349","","78","","184","198","","","1.1364344700034","7.77","0","0","0","0","0","0","3","","","","","","","","","","","","","","",""
"Running","Run","","","","2025-10-18","","21214.529296875","","","","","2.10765433311462","2.7960000038147","","155","","165","206","","","0.860094671343301","175.96","0","1","2","33","35","40","16","","","","","","","","","","","","","","",""
"Zn1 - Regenerativo","Bike","Treino regenerativo Percurso plano Zn1 - rolar fácil","0.666666666666667","","2025-11-17","","","","","","","","","","","","","","","","","","","","","","","","","","","","","","","","","","","","","","",""
"25' Run @Zn2","Run","Corrida em Zn2, piso soft e cadência +88 Pulso @140","0.416666666666667","","2025-11-18","","","","","","","","","","","","","","","","","","","","","","","","","","","","","","","","","","","","","","",""
"Strength","Strength","","","","2025-11-18","","0","","","","","0.632219195365906","0","","","","115","151","","","0.620929540193732","26.7","29","8","1","0","0","0","0","","","","","","","","","","","","","","",""
"DAY OFF","Day Off","","","","2025-11-19","","","","","","","","","","","","","","","","","","","","","","","","","","","","","","","","","","","","","","",""
"Swim Pré-epoca 1","Swim","400 snorkel + fins 200 snorkel + pull 4x50 (pernas mariposa, braços bruços) 200 pernas+400pull + 200 estilos invertidos + 200 crawl + 200 pernas + 400 pull 200 easy","0.833333333333333","2600","2025-11-20","","","","","","","","","","","","","","","","","","","","","","","","","","","","","","","","","","","","","","",""
"Running","Run","","","","2025-11-20","","3821.77001953125","","","","","0.416952520608902","2.5460000038147","","153","","149","164","","","0.766222405194159","26.91","1","3","11","11","0","0","0","","","","","","","","","","","","","","","5"
"30' Run - Zn2","Run","Corrida em Zn2 com piso soft Pulso @140","0.5","","2025-11-21","","","","","","","","","","","","","","","","","","","","","","","","","","","","","","","","","","","","","","",""
"Zn2","Bike","Rolar Zn2 95-100rpm Manter pulso 130-140","1","","2025-11-22","","","","","","","","","","","","","","","","","","","","","","","","","","","","","","","","","","","","","","",""
"DAY OFF","Day Off","","","","2025-11-23","","","","","","","","","","","","","","","","","","","","","","","","","","","","","","","","","","","","","","",""
"Rolos 1 - Técnica","Bike","20min up to Zn2 (easy) @90rpm 10min 5x(30""SPR + 30""SPL + 1'spin easy) Pedalar redondo 22min (cadência(90/100/110/120/130/all out/130/120/110/100/90) - 30"" cada degrau e 1'30RI @90rpm) Não tirar o rabo do selim e não oscilar o tronco (speed) 10min cooldown @90rpm","1.03333333333333","","2025-11-25","","","","","","","","","","","","","","","","","","","","","","","","","","","","","","","","","","","","","","",""
"Strength","Strength","","","","2025-11-25","","0","","","","","0.724988877773285","0","","","","90","124","","","0.565928639973958","25.53","44","0","0","0","0","0","0","","","","","","","","","","","","","","",""
"DAY OFF","Day Off","","","","2025-11-26","","","","","","","","","","","","","","","","","","","","","","","","","","","","","","","","","","","","","","",""
"Swim Pré-epoca 1","Swim","400 snorkel + fins 200 snorkel + pull 4x50 (pernas mariposa, braços bruços) 4x50 sculling (25 sculling + 25 normal) 200 pernas+400pull + 200 estilos invertidos + 200 crawl + 200 pernas + 400 pull 200 easy","0.916666666666667","2800","2025-11-27","","","","","","","","","","","","","","","","","","","","","","","","","","","","","","","","","","","","","","",""
"30' Run - Zn2","Run","Corrida em Zn2 com piso soft Pulso @140","0.5","","2025-11-28","","","","","","","","","","","","","","","","","","","","","","","","","","","","","","","","","","","","","","",""
"Base Builder (Power)","Bike","Ride on a flat to gently rolling course. Get at least 50% of ride time in power zone 2. Avoid 3-5 zones. Keep the 2-zone effort steady and continuous. After the ride confirm that you got at least 50% of the ride in zone 2.","1.5","","2025-11-29","","","","","","","","","","","","","","","","","","","","","","","","","","","","","","","","","","","","","","",""
"DAY OFF","Day Off","","","","2025-11-30","","","","","","","","","","","","","","","","","","","","","","","","","","","","","","","","","","","","","","",""
"Base Builder (Power)","Bike","Ride on a flat to gently rolling course. Get at least 50% of ride time in power zone 2. Avoid 3-5 zones. Keep the 2-zone effort steady and continuous. After the ride confirm that you got at least 50% of the ride in zone 2.","1.5","","2025-12-01","","","","","","","","","","","","","","","","","","","","","","","","","","","","","","","","","","","","","","",""
"Treino com a PT","Custom","","","","2025-12-02","","","","","","","","","","","","","","","","","","","","","","","","","","","","","","","","","","","","","","",""
"30' Run - Zn2 + 4 retas","Run","Corrida em Zn2 com piso soft Pulso @140 No final fazer 4 retas progressivas de 20""","0.5","","2025-12-03","","","","","","","","","","","","","","","","","","","","","","","","","","","","","","","","","","","","","","",""
"30' Run - Zn2 + 4 retas","Run","Corrida em Zn2 com piso soft Pulso @140-150 No final fazer 4 retas progressivas de 20""","0.5","","2025-12-05","","","","","","","","","","","","","","","","","","","","","","","","","","","","","","","","","","","","","","",""
"Base Builder (Power)","Bike","Ride on a flat to gently rolling course. Get at least 50% of ride time in power zone 2. Avoid 3-5 zones. Keep the 2-zone effort steady and continuous. After the ride confirm that you got at least 50% of the ride in zone 2.","1.5","","2025-12-06","","","","","","","","","","","","","","","","","","","","","","","","","","","","","","","","","","","","","","",""
"Data limite pagamento Coach","Custom","","","","2025-12-06","","","","","","","","","","","","","","","","","","","","","","","","","","","","","","","","","","","","","","",""
"DAY OFF","Day Off","","","","2025-12-07","","","","","","","","","","","","","","","","","","","","","","","","","","","","","","","","","","","","","","",""
"Base Builder (Heart Rate)","Bike","Ride on a flat to gently rolling course. Get at least 50% of ride time in heart rate zone 2. Avoid 3-5 zones. Keep the 2-zone effort steady and continuous. After the ride confirm that you got at least 50% of the ride in zone 2.","1.5","","2025-12-08","","","","","","","","","","","","","","","","","","","","","","","","","","","","","","","","","","","","","","",""
"Running","Run","","","","2025-12-08","","4552.0498046875","","","","","0.500479161739349","2.52600002288818","","152","","161","178","","","0.770453000954509","32.61","0","2","2","8","5","10","3","","","","","","","","","","","","","","",""
"Treino com a PT","Custom","","","","2025-12-09","","","","","","","","","","","","","","","","","","","","","","","","","","","","","","","","","","","","","","",""
"30' Run - Zn2","Run","Corrida em Zn2 com piso soft Pulso @140","0.666666666666667","","2025-12-10","","","","","","","","","","","","","","","","","","","","","","","","","","","","","","","","","","","","","","",""
"Base Builder (Heart Rate)","Bike","Ride on a flat to gently rolling course. Get at least 50% of ride time in heart rate zone 2. Avoid 3-5 zones. Keep the 2-zone effort steady and continuous. After the ride confirm that you got at least 50% of the ride in zone 2.","1.5","","2025-12-13","","","","","","","","","","","","","","","","","","","","","","","","","","","","","","","","","","","","","","",""
"DAY OFF","Day Off","","","","2025-12-14","","","","","","","","","","","","","","","","","","","","","","","","","","","","","","","","","","","","","","",""
"30' Run - Zn2","Run","Corrida em Zn2 com piso soft Pulso @140","0.5","","2025-12-15","","5025.8798828125","","","","","0.516216397285461","2.7039999961853","","154","","156","176","","","0.81929094829386","38.02","2","2","6","7","2","10","2","","","","","","","","","","","","","","",""
"Treino com a PT","Custom","","","","2025-12-16","","","","","","","","","","","","","","","","","","","","","","","","","","","","","","","","","","","","","","",""
"Running","Run","","","","2025-12-16","","5208.93994140625","","","","","0.502187788486481","2.88100004196167","","154","","179","191","","","0.875319224443141","41.92","0","0","0","1","1","5","24","","","","","","","","","","","","","","",""
"30' Run - Zn2 + 4 retas","Run","Corrida em Zn2 com piso soft Pulso @140-145 No final fazer 4 retas progressivas de 20""","0.5","","2025-12-17","","5056.2998046875","","","","","0.523103892803192","2.68499994277954","","154","","165","179","","","0.814021604525729","37.78","0","0","1","4","5","13","7","","","","","","","","","","","","","","",""
"Swim #5","Swim","400L Snorkel + fins 400 snorkel + pull 8x100 Técnica 2x(1. Punho fechado na mão direita; 2.Punho fechado na mão esquerda; 3. Punho fechado nas duas mãos; 4. Normal) 3x200L respiração 3,5,7,9 (muda a cada 50 metros dentro dos 200)descanso 20"" 200 Coldown","0.833333333333333","2400","2025-12-18","","1600","","","","","0.540835556983948","0.818833162743091","","23","","142","162","","","0.739596342797173","21.88","3","14","9","7","0","0","0","","","","","","","","","","","","","","","7"
"40' Run @Zn2","Run","Corrida em Zn2, piso soft e cadência +88 Pulso @140 5' descontração a andar","0.666666666666667","","2025-12-19","","","","","","","","","","","","","","","","","","","","","","","","","","","","","","","","","","","","","","",""
"Base Builder (Heart Rate)","Bike","Ride on a flat to gently rolling course. Get at least 50% of ride time in heart rate zone 2. Avoid 3-5 zones. Keep the 2-zone effort steady and continuous. After the ride confirm that you got at least 50% of the ride in zone 2.","1.5","","2025-12-20","","","","","","","","","","","","","","","","","","","","","","","","","","","","","","","","","","","","","","",""
"Base Builder (Heart Rate)","Bike","Ride on a flat to gently rolling course. Get at least 50% of ride time in heart rate zone 2. Avoid 3-5 zones. Keep the 2-zone effort steady and continuous. After the ride confirm that you got at least 50% of the ride in zone 2.","1.5","","2025-12-21","","","","","","","","","","","","","","","","","","","","","","","","","","","","","","","","","","","","","","",""
"40 com 100metros","Run","15' Aquecimento Depois do aquecimento a cada km os primeiros 100 são em sprint e os restantes 900m em zona 2","0.761111111111111","","2025-12-22","","","","","","","","","","","","","","","","","","","","","","","","","","","","","","","","","","","","","","",""
"Minute Monster (Heart Rate)","Bike","","1.21666666666667","","2025-12-24","","","","","","","","","","","","","","","","","","","","","","","","","","","","","","","","","","","","","","",""
"Running","Run","","","","2025-12-24","","5132.7900390625","","","","","0.500348329544067","2.84999990463257","","153","","163","186","","","0.867720969807547","41.13","2","2","1","2","2","10","10","","","","","","","","","","","","","","",""
"DAY OFF - Natal","Day Off","","","","2025-12-25","","","","","","","","","","","","","","","","","","","","","","","","","","","","","","","","","","","","","","",""
"40' Run @Zn2","Run","Corrida em Zn2, piso soft e cadência +88 Pulso @140 5' descontração a andar","0.666666666666667","","2025-12-26","","","","","","","","","","","","","","","","","","","","","","","","","","","","","","","","","","","","","","",""
"Base Builder (Heart Rate)","Bike","Ride on a flat to gently rolling course. Get at least 50% of ride time in heart rate zone 2. Avoid 3-5 zones. Keep the 2-zone effort steady and continuous. After the ride confirm that you got at least 50% of the ride in zone 2.","1.5","","2025-12-27","","","","","","","","","","","","","","","","","","","","","","","","","","","","","","","","","","","","","","",""
"Running","Run","","","","2025-12-27","","1004.09997558594","306","570","110.743","","0.100300557911396","2.78099989891052","","154","","142","153","","","1.36687314702283","17.22","1","2","2","1","0","0","0","","","","0","0","1","3","1","1","","","","","",""
"Running","Run","","","","2025-12-27","","10129.5595703125","349","445","1151.893","","0.915263891220093","3.07399988174438","","156","","184","201","","","1.49873995842413","203.66","1","1","3","3","0","0","48","","","","0","0","0","6","30","19","","","","","",""
"Base Builder (Heart Rate)","Bike","Ride on a flat to gently rolling course. Get at least 50% of ride time in heart rate zone 2. Avoid 3-5 zones. Keep the 2-zone effort steady and continuous. After the ride confirm that you got at least 50% of the ride in zone 2.","2","","2025-12-28","","","","","","","","","","","","","","","","","","","","","","","","","","","","","","","","","","","","","","",""
"30' Run - Zn2","Run","Corrida em Zn2 com piso soft Pulso @140","0.5","","2025-12-29","","","","","","","","","","","","","","","","","","","","","","","","","","","","","","","","","","","","","","",""
"Swim Z2","Swim","400 snorkel + fins 200 pull 400 pernas com fins - 200 Catch-up com palas 200 com palas - braço parado à frente (25 braço direito + 25 braço esquerdo) 200 com braço ao longo do corpo e respira para o lado oposto (25 braço direito + 25 braço esquerdo) 6x100 zona 2 - 20"" intervalo 200 easy","0.833333333333333","2400","2025-12-30","","","","","","","","","","","","","","","","","","","","","","","","","","","","","","","","","","","","","","",""
"Minute Monster (Heart Rate)","Bike","","1.21666666666667","","2025-12-31","","","","","","","","","","","","","","","","","","","","","","","","","","","","","","","","","","","","","","",""
"DAY OFF - Ano novo","Day Off","","","","2026-01-01","","","","","","","","","","","","","","","","","","","","","","","","","","","","","","","","","","","","","","",""
"40' Run @Zn2","Run","Corrida em Zn2, piso soft e cadência +88 Pulso @140 5' descontração a andar","0.666666666666667","","2026-01-02","","7210.5498046875","331","499","798.256","","0.669718384742737","2.9909999370575","","155","","171","186","","","1.42181794928986","133.71","1","1","2","0","0","9","26","","","","0","0","0","13","22","5","","","","","",""
"Base Builder (Power)","Bike","Ride on a flat to gently rolling course. Get at least 50% of ride time in power zone 2. Avoid 3-5 zones. Keep the 2-zone effort steady and continuous. After the ride confirm that you got at least 50% of the ride in zone 2.","1.5","","2026-01-03","","","","","","","","","","","","","","","","","","","","","","","","","","","","","","","","","","","","","","",""
"AE1","Run","Imediatamente a seguir à bike, corrida em zona 1 num percurso plano e piso macio","0.25","","2026-01-03","","","","","","","","","","","","","","","","","","","","","","","","","","","","","","","","","","","","","","",""
"Base Builder (Power)","Bike","Ride on a flat to gently rolling course. Get at least 50% of ride time in power zone 2. Avoid 3-5 zones. Keep the 2-zone effort steady and continuous. After the ride confirm that you got at least 50% of the ride in zone 2.","1.5","","2026-01-04","","","","","","","","","","","","","","","","","","","","","","","","","","","","","","","","","","","","","","",""
"40' Run @Zn2","Run","Corrida em Zn2, piso soft e cadência +88 Pulso @140 5' descontração a andar","0.666666666666667","","2026-01-05","","7579.02978515625","305","520","879.123","","0.800809979438782","2.62899994850159","","157","","155","178","","","1.35189895969783","145.03","2","6","8","15","10","4","3","","","","0","3","11","14","13","6","","","","","",""
"Swim - 300z2","Swim","400 snorkel + fins 400 snorkel + pull 8x50 bolas - mão direita, mão esquerda, duas, sem nada. repete 4x300 z2/3 - 30"" rest 200 easy","0.833333333333333","2600","2026-01-06","","1575","","","","","0.506755557590061","0.863013698630137","","23","","149","177","","","0.777001838662663","23.77","5","7","4","6","2","6","1","","","","","","","","","","","","","","",""
"Rolos 1 - Técnica","Bike","20min up to Zn2 (easy) @90rpm 10min 5x(30""SPR + 30""SPL + 1'spin easy) Pedalar redondo 22min (cadência(90/100/110/120/130/all out/130/120/110/100/90) - 30"" cada degrau e 1'30RI @90rpm) Não tirar o rabo do selim e não oscilar o tronco (speed) 10min cooldown @90rpm","1.03333333333333","","2026-01-07","","","","","","","","","","","","","","","","","","","","","","","","","","","","","","","","","","","","","","",""
"30' Run - Zn2 + 6 retas","Run","Corrida em Zn2 com piso soft Pulso @140 No final fazer 6 retas progressivas de 20""","0.5","","2026-01-08","","5171.27978515625","307","510","574.811","","0.520717203617096","2.7590000629425","","157","","165","181","","","1.32053606058967","89.28","1","0","1","1","5","18","5","","","","0","0","3","20","6","2","","","","","",""
"Swim - Z2 palas","Swim","400 snorkel + fins 400 snorkel + pull 4x75 palas z2 - descanso 15"" 5x300 com pull e palas z2/z3 - descanso 20"" 200 easy","0.833333333333333","2800","2026-01-09","","1500","","","","","0.460576947000292","0.901984365604329","","22","","148","172","","","0.814196199880066","24.86","3","6","2","12","2","2","0","","","","","","","","","","","","","","","5"
"Base Builder (Power)","Bike","Ride on a flat to gently rolling course. Get at least 50% of ride time in power zone 2. Avoid 3-5 zones. Keep the 2-zone effort steady and continuous. After the ride confirm that you got at least 50% of the ride in zone 2.","1.5","","2026-01-10","","","","","","","","","","","","","","","","","","","","","","","","","","","","","","","","","","","","","","",""
"AE1","Run","Imediatamente a seguir à bike, corrida em zona 1 num percurso plano e piso macio","0.25","","2026-01-10","","","","","","","","","","","","","","","","","","","","","","","","","","","","","","","","","","","","","","",""
"Data limite pagamento Coach","Custom","","","","2026-01-10","","","","","","","","","","","","","","","","","","","","","","","","","","","","","","","","","","","","","","",""
"Base Builder (Power)","Bike","Ride on a flat to gently rolling course. Get at least 50% of ride time in power zone 2. Avoid 3-5 zones. Keep the 2-zone effort steady and continuous. After the ride confirm that you got at least 50% of the ride in zone 2.","2","","2026-01-11","","","","","","","","","","","","","","","","","","","","","","","","","","","","","","","","","","","","","","",""
"50' Run - Zn2","Run","Corrida em Zn2 com piso soft Pulso @140","0.833333333333333","","2026-01-12","","8504.7998046875","308","532","961.555","","0.866973340511322","2.72499990463257","","159","","153","169","","","1.3422480816851","154.93","1","2","12","33","3","1","0","","","","0","0","6","29","11","6","","","","","",""
"Swim","Swim","400 snorkel + fins 8x50 pull com 15"" intervalo 4x25 progressivo dentro dos 25 - 15"" descanso 8x25 máximo com 1' intervalo 200 easy 8x50 pernas com barbatanas saída a cada 1' 200 cooldown","0.666666666666667","1900","2026-01-13","","","","","","","","","","","","","","","","","","","","","","","","","","","","","","","","","","","","","","",""
"Fitness Equipment","Other","","","","2026-01-13","","0","","","","","1","0","","","","","","","","","","","","","","","","","","","","","","","","","","","","","","",""
"Rolos 1 - Técnica","Bike","20min up to Zn2 (easy) @90rpm 10min 5x(30""SPR + 30""SPL + 1'spin easy) Pedalar redondo 22min (cadência(90/100/110/120/130/all out/130/120/110/100/90) - 30"" cada degrau e 1'30RI @90rpm) Não tirar o rabo do selim e não oscilar o tronco (speed) 10min cooldown @90rpm","1.03333333333333","","2026-01-14","","","","","","","","","","","","","","","","","","","","","","","","","","","","","","","","","","","","","","",""
"40' Run @Zn2 + 6 retas","Run","Corrida em Zn2, piso soft e cadência +88 Pulso @140 No final fazer 6 retas progressivas de 20""","0.666666666666667","","2026-01-15","","","","","","","","","","","","","","","","","","","","","","","","","","","","","","","","","","","","","","",""
"12,5 Fast","Swim","400 snorkel + fins 400 snorkel + pull 8x25 progressivo nos 25m - saída 40"" 20x50 (12,5 fast + 37,5 easy) - 15"" descanso 10 com palas 10 com fins 200 easy","0.75","2000","2026-01-16","","","","","","","","","","","","","","","","","","","","","","","","","","","","","","","","","","","","","","",""
"Base Builder (Heart Rate)","Bike","Ride on a flat to gently rolling course. Get at least 50% of ride time in heart rate zone 2. Avoid 3-5 zones. Keep the 2-zone effort steady and continuous. After the ride confirm that you got at least 50% of the ride in zone 2.","1.75","","2026-01-17","","37736.16015625","107","138","553.66","","1.43314611911774","7.31500005722046","","74","","","","","","0.46081036148377","30.18","","","","","","","","","","","86","0","0","0","0","0","","","","","",""
"Transição - 15' Run - Zn3","Run","Corrida em Zn3","0.25","","2026-01-17","","","","","","","","","","","","","","","","","","","","","","","","","","","","","","","","","","","","","","",""
"Base Builder (Heart Rate)","Bike","Ride on a flat to gently rolling course. Get at least 50% of ride time in heart rate zone 2. Avoid 3-5 zones. Keep the 2-zone effort steady and continuous. After the ride confirm that you got at least 50% of the ride in zone 2.","2","","2026-01-18","","","","","","","","","","","","","","","","","","","","","","","","","","","","","","","","","","","","","","",""
"60' Run - Zn2","Run","Corrida em Zn2 com piso soft Pulso @140","1","","2026-01-19","","","","","","","","","","","","","","","","","","","","","","","","","","","","","","","","","","","","","","",""
"Rolos 1 - Técnica","Bike","20min up to Zn2 (easy) @90rpm 10min 5x(30""SPR + 30""SPL + 1'spin easy) Pedalar redondo 22min (cadência(90/100/110/120/130/all out/130/120/110/100/90) - 30"" cada degrau e 1'30RI @90rpm) Não tirar o rabo do selim e não oscilar o tronco (speed) 10min cooldown @90rpm","1.03333333333333","","2026-01-21","","","","","","","","","","","","","","","","","","","","","","","","","","","","","","","","","","","","","","",""
"Running","Run","","","","2026-01-21","","7322.509765625","305","461","844.366","","0.768205285072327","2.64800000190735","","155","","153","182","","","1.33317686668528","135.59","3","5","10","16","3","4","5","","","","0","1","9","20","10","6","","","","","",""
"Base Builder (Heart Rate)","Bike","Ride on a flat to gently rolling course. Get at least 50% of ride time in heart rate zone 2. Avoid 3-5 zones. Keep the 2-zone effort steady and continuous. After the ride confirm that you got at least 50% of the ride in zone 2.","1.75","","2026-01-24","","","","","","","","","","","","","","","","","","","","","","","","","","","","","","","","","","","","","","",""
"Transição - 20' Run - Zn3","Run","Corrida em Zn3","0.333333333333333","","2026-01-24","","","","","","","","","","","","","","","","","","","","","","","","","","","","","","","","","","","","","","",""
"Base Builder (Heart Rate)","Bike","Ride on a flat to gently rolling course. Get at least 50% of ride time in heart rate zone 2. Avoid 3-5 zones. Keep the 2-zone effort steady and continuous. After the ride confirm that you got at least 50% of the ride in zone 2.","2.5","","2026-01-25","","33684.30859375","122","154","535.353","","1.21701419353485","7.68900012969971","","78","","","","","","0.525216134232613","33.23","","","","","","","","","","","73","0","0","0","0","0","","","","","",""
"15' Z1 + 45' em zona 2percurso sobe e desce","Run","15' Z1 + 45' em zona 2percurso sobe e desce","1","","2026-01-26","","","","","","","","","","","","","","","","","","","","","","","","","","","","","","","","","","","","","","",""
"Swim","Swim","400 Snorkel + fins 4x50 Pull saída ao 1' 2x 4x50 Fast 4x25 easy saída aos 45"" (1 set com barbatanas, 2 set com palas) 8x50 pernas com barbatanas saída ao 1' 300 snorkel + pull + palas 100 cooldown","0.666666666666667","1900","2026-01-27","","","","","","","","","","","","","","","","","","","","","","","","","","","","","","","","","","","","","","",""
"Strength","Strength","","","","2026-01-27","","0","","","","","0.815427541732788","0","","","","93","159","","","0.575048764126958","29.71","47","2","0","0","0","0","0","","","","","","","","","","","","","","",""
"10x(30"" Fast + 1'30 Easy)","Bike","30min up to Zn2 (easy) @90RPM 10x(30"" Fast + 1'30 Easy) 10min Cooldown @90rpm","1","","2026-01-28","","21025.48046875","123","300","338.652","","0.765146970748901","7.63399982452393","","81","","","","","","0.625283412593719","29.61","","","","","","","","","","","43","0","0","3","0","0","","","","","",""
"Rampas - 4x2'","Run","20' aquecimento 4x2' rampa forte com recuperação a descer a trote 5' easy","0.75","","2026-01-29","","7279.14013671875","320","496","833.118","","0.72184807062149","2.80100011825562","","159","","167","192","","","1.45507652591663","151.82","1","2","5","8","2","4","22","","","","0","4","7","11","11","10","","","","","",""
"Swim 8","Swim","500 snorkel 8x50 pull descanso 10"" 8x50 pernas torpedo (snorkel + barbatanas) saído ao 1' 700 com snorkel + palas + pull 200 cooldwon","1","2200","2026-01-30","","2075","","","","","0.596185002190371","0.964219330855019","","23","","133","173","","","0.870115816557148","39.27","13","14","5","3","0","0","0","","","","","","","","","","","","","","","5"
"Bike tempo - 4x5'","Bike","20' aquecimento easy 4x5min Zn3 - recuperação 2' easy 12' cooldwon","1","","2026-01-31","","24464.720703125","146","202","439.025","","0.833995580673218","8.14900016784668","","87","","","","","","0.69506210347066","39.83","","","","","","","","","","","30","20","0","0","0","0","","","","","",""
"Transição . 20' Run - Zn3","Run","Corrida em Zn3","0.333333333333333","","2026-01-31","","","","","","","","","","","","","","","","","","","","","","","","","","","","","","","","","","","","","","",""
"Base Builder (Heart Rate)","Bike","Ride on a flat to gently rolling course. Get at least 50% of ride time in heart rate zone 2. Avoid 3-5 zones. Keep the 2-zone effort steady and continuous. After the ride confirm that you got at least 50% of the ride in zone 2.","2.5","","2026-02-01","","","","","","","","","","","","","","","","","","","","","","","","","","","","","","","","","","","","","","",""
"15' Z1 + 45' em zona 2percurso sobe e desce","Run","15' Z1 + 45' em zona 2percurso sobe e desce","1","","2026-02-02","","","","","","","","","","","","","","","","","","","","","","","","","","","","","","","","","","","","","","",""
"Strength","Strength","","","","2026-02-04","","0","","","","","0.863121926784515","0","","","","98","154","","","0.581859471571521","32.25","48","3","1","0","0","0","0","","","","","","","","","","","","","","",""
"Rampas - 6x1'30","Run","20' aquecimento 6x1'30 rampa forte com recuperação a descer a trote 5' easy","0.833333333333333","","2026-02-05","","","","","","","","","","","","","","","","","","","","","","","","","","","","","","","","","","","","","","",""
"Swim - z3 + z2 + z4","Swim","200 snorkel + fins 200 snorkel + pull 10x50 zona 3 - descanso 25"" 8x100 zona 2 - descanso 20"" 10x50 zona 4 - descanso 45"" 200 easy","0.833333333333333","2400","2026-02-06","","","","","","","","","","","","","","","","","","","","","","","","","","","","","","","","","","","","","","",""
"Base Builder (Heart Rate)","Bike","Ride on a flat to gently rolling course. Get at least 50% of ride time in heart rate zone 2. Avoid 3-5 zones. Keep the 2-zone effort steady and continuous. After the ride confirm that you got at least 50% of the ride in zone 2.","2","","2026-02-07","","","","","","","","","","","","","","","","","","","","","","","","","","","","","","","","","","","","","","",""
"Transição - 20' Run - Zn3","Run","Corrida em Zn3","0.333333333333333","","2026-02-07","","","","","","","","","","","","","","","","","","","","","","","","","","","","","","","","","","","","","","",""
"Base Builder (Heart Rate)","Bike","Ride on a flat to gently rolling course. Get at least 50% of ride time in heart rate zone 2. Avoid 3-5 zones. Keep the 2-zone effort steady and continuous. After the ride confirm that you got at least 50% of the ride in zone 2.","2.5","","2026-02-08","","","","","","","","","","","","","","","","","","","","","","","","","","","","","","","","","","","","","","",""
"40' Run @Zn2","Run","Corrida em Zn2, piso soft e cadência +88 Pulso @140 5' descontração a andar","0.666666666666667","","2026-02-09","","","","","","","","","","","","","","","","","","","","","","","","","","","","","","","","","","","","","","",""
"10x(30"" Fast + 1'30 Easy)","Bike","30min up to Zn2 (easy) @90RPM 10x(30"" Fast + 1'30 Easy) 10min Cooldown @90rpm","1","","2026-02-10","","","","","","","","","","","","","","","","","","","","","","","","","","","","","","","","","","","","","","",""
"GYM","Custom","","","","2026-02-11","","","","","","","","","","","","","","","","","","","","","","","","","","","","","","","","","","","","","","",""
"Yoga","Other","","","","2026-02-11","","","","","","","0.66740220785141","","","","","78","108","","","0.533170539612559","20.8","40","0","0","0","0","0","0","","","","","","","","","","","","","","",""
"Rampas - 4x2'","Run","20' aquecimento 4x2' rampa forte com recuperação a descer a trote 5' easy","0.75","","2026-02-12","","","","","","","","","","","","","","","","","","","","","","","","","","","","","","","","","","","","","","",""
"Swim Z4","Swim","200 snorkel + fins 200 snorkel + pull 200 normal 10x50 zona 4 - descanso 45"" 400 Z2 200 easy","0.55","1700","2026-02-13","","","","","","","","","","","","","","","","","","","","","","","","","","","","","","","","","","","","","","",""
"Level 2","Bike","Flat course Rolar com acelarações a cada 10' (sprint de 10"")","2.16666666666667","","2026-02-14","20min Zona 1 10x 9'50"" Zona 2 10"" Zona 6 10' Cooldown","","","","","","","","","","","","","","","","","","","","","","","","","","","","","","","","","","","","","",""
"Base Builder (Power)","Bike","Ride on a flat to gently rolling course. Get at least 50% of ride time in power zone 2. Avoid 3-5 zones. Keep the 2-zone effort steady and continuous. After the ride confirm that you got at least 50% of the ride in zone 2.","2.5","","2026-02-15","","","","","","","","","","","","","","","","","","","","","","","","","","","","","","","","","","","","","","",""
"Running","Run","","","","2026-02-15","","9008.2802734375","300","532","1001.436","","0.927228033542633","2.69899988174438","","157","","156","175","","","1.29517335338564","153.54","1","3","8","30","7","6","1","","","","0","1","4","38","9","3","","","","","",""
"30' Run - Zn2","Run","Corrida em Zn2 com piso soft Pulso @140","0.5","","2026-02-16","","6006.06005859375","301","499","669.595","","0.616861939430237","2.70499992370605","","156","","152","173","","","1.31029001451438","104.8","1","2","14","16","2","3","0","","","","0","0","3","26","5","2","","","","","",""
"10x(30"" Fast + 1'30 Easy)","Bike","30min up to Zn2 (easy) @90RPM 10x(30"" Fast + 1'30 Easy) 10min Cooldown @90rpm","1","","2026-02-17","","29400.259765625","","","","","1.30580842494965","6.25400018692017","","","","142","185","","","0.837087098399511","102.02","25","10","6","10","5","11","11","","","","","","","","","","","","","","",""
"GYM","Custom","","","","2026-02-18","","","","","","","","","","","","","","","","","","","","","","","","","","","","","","","","","","","","","","",""
"Strength","Strength","","","","2026-02-18","","0","","","","","0.768688380718231","0","","","","92","146","","","0.572649160460631","27.74","44","2","0","0","0","0","0","","","","","","","","","","","","","","",""
"DAY OFF","Day Off","","","","2026-02-19","","","","","","","","","","","","","","","","","","","","","","","","","","","","","","","","","","","","","","",""
"Running","Run","","","","2026-02-19","","6364.009765625","296","591","708.891","","0.665202796459198","2.65799999237061","","155","","154","186","","","1.30728831246406","112.15","0","4","7","22","3","2","1","","","","0","0","9","22","5","3","","","","","",""
"30' Run - Zn2 + 4 retas","Run","Corrida em Zn2 com piso soft Pulso @140 No final fazer 4 retas progressivas de 20""","0.5","","2026-02-20","","","","","","","","","","","","","","","","","","","","","","","","","","","","","","","","","","","","","","",""
"Running","Run","","","","2026-02-21","","7008.68017578125","316","561","768.344","","0.67438417673111","2.88700008392334","","158","","157","175","","","1.35694246349428","122.08","1","1","6","18","3","10","2","","","","0","0","0","24","14","2","","","","","",""
"Base Builder (Power)","Bike","Ride on a flat to gently rolling course. Get at least 50% of ride time in power zone 2. Avoid 3-5 zones. Keep the 2-zone effort steady and continuous. After the ride confirm that you got at least 50% of the ride in zone 2.","2","","2026-02-22","","63780.62109375","","","","","2.46637368202209","7.18300008773804","","","","137","180","","","0.725288807100529","146.97","35","60","29","19","5","1","0","","","","","","","","","","","","","","",""
"35' Run - Zn2","Run","Corrida em Zn2 com piso soft Pulso @140","0.583333333333333","","2026-02-23","","6006.60986328125","267","519","652.438","","0.678075313568115","2.46099996566772","","156","","141","150","","","1.14298399371347","87.66","1","33","7","0","0","0","0","","","","0","0","25","15","0","0","","","","","",""
"10x(30"" Fast + 1'30 Easy)","Bike","30min up to Zn2 (easy) @90RPM 10x(30"" Fast + 1'30 Easy) 10min Cooldown @90rpm","1","","2026-02-24","","","","","","","","","","","","","","","","","","","","","","","","","","","","","","","","","","","","","","",""
"GYM","Custom","","","","2026-02-25","","","","","","","","","","","","","","","","","","","","","","","","","","","","","","","","","","","","","","",""
"DAY OFF","Day Off","","","","2026-02-26","","","","","","","","","","","","","","","","","","","","","","","","","","","","","","","","","","","","","","",""
"Cycling","Bike","","","","2026-02-26","","25164.0390625","","","","","1.04876279830933","6.66499996185303","","","","151","182","","","0.84637527566922","83.34","6","11","9","20","7","8","2","","","","","","","","","","","","","","",""
"40' Run @Zn2","Run","Corrida em Zn2, piso soft e cadência +88 Pulso @140 5' descontração a andar","0.666666666666667","","2026-02-27","","","","","","","","","","","","","","","","","","","","","","","","","","","","","","","","","","","","","","",""
"Swim Pré-epoca 1","Swim","400 snorkel + fins 200 snorkel + pull 4x50 (pernas mariposa, braços bruços) 100 pernas+400pull + 200 estilos invertidos + 200 crawl + 100 pernas + 400 pull 200 easy","0.916666666666667","2400","2026-02-28","","","","","","","","","","","","","","","","","","","","","","","","","","","","","","","","","","","","","","",""
"Running","Run","","","","2026-02-28","","9003.1396484375","304","447","986.499","","0.899888932704926","2.77900004386902","","158","","160","180","","","1.30640330915014","152.04","0","0","1","27","17","6","2","","","","1","0","0","42","9","1","","","","","",""
"Base Builder (Power)","Bike","Ride on a flat to gently rolling course. Get at least 50% of ride time in power zone 2. Avoid 3-5 zones. Keep the 2-zone effort steady and continuous. After the ride confirm that you got at least 50% of the ride in zone 2.","2","","2026-03-01","","58577.078125","","","","","2.04464912414551","7.95800018310547","","","","146","175","","","0.801609641913814","148.18","18","31","19","29","15","11","0","","","","","","","","","","","","","","",""
"40' Run @Zn2","Run","Corrida em Zn2, piso soft e cadência +88 Pulso @140 5' descontração a andar","0.666666666666667","","2026-03-02","","","","","","","","","","","","","","","","","","","","","","","","","","","","","","","","","","","","","","",""
"Running","Run","","","","2026-03-03","","8005.93017578125","323","506","889.277","","0.763509750366211","2.91300010681152","","158","","158","179","","","1.39541062656775","147.59","1","3","4","18","6","12","3","","","","0","0","1","19","20","6","","","","","",""
"GYM","Custom","","","","2026-03-04","","","","","","","","","","","","","","","","","","","","","","","","","","","","","","","","","","","","","","",""
"DAY OFF","Day Off","","","","2026-03-05","","","","","","","","","","","","","","","","","","","","","","","","","","","","","","","","","","","","","","",""
"Running","Run","","","","2026-03-05","","6006.77978515625","330","425","660.46","","0.555017232894897","3.00600004196167","","161","","155","168","","","1.41234003293182","109.13","1","0","1","25","5","1","0","","","","0","0","0","7","24","2","","","","","",""
"30"" Fast + 30"" easy","Run","20' Aquecimento 10x(30"" Fast + 30"" easy) NON STOP 10' Cooldown","0.666666666666667","6296","2026-03-06","","","","","","","","","","","","","","","","","","","","","","","","","","","","","","","","","","","","","","",""
"Level 2","Bike","Flat course Rolar com acelarações a cada 10' (sprint de 10"")","2.16666666666667","","2026-03-07","20min Zona 1 10x 9'50"" Zona 2 10"" Zona 6 10' Cooldown","","","","","","","","","","","","","","","","","","","","","","","","","","","","","","","","","","","","","",""
"Data limite pagamento Coach","Custom","","","","2026-03-07","","","","","","","","","","","","","","","","","","","","","","","","","","","","","","","","","","","","","","",""
"Base Builder (Power)","Bike","Ride on a flat to gently rolling course. Get at least 50% of ride time in power zone 2. Avoid 3-5 zones. Keep the 2-zone effort steady and continuous. After the ride confirm that you got at least 50% of the ride in zone 2.","2.5","","2026-03-08","","","","","","","","","","","","","","","","","","","","","","","","","","","","","","","","","","","","","","",""
"Running","Run","","","","2026-03-08","","21209.58984375","313","393","2285.238","","2.02995324134827","2.90199995040894","","163","","167","179","","","1.33635590537024","360.99","1","0","5","17","9","56","33","","","","0","0","5","69","46","1","","","","","",""
"aerobio progressivo","Run","começar o treino em zona1 e ir aumentando até terminar os últimos 15min em zona 3 (168 máximo batimentos )","1","","2026-03-09","","","","","","","","","","","","","","","","","","","","","","","","","","","","","","","","","","","","","","",""
"Bike tempo - 4x5'","Bike","20' aquecimento easy 4x5min Zn3 - recuperação 2' easy 12' cooldwon","1","","2026-03-10","","","","","","","","","","","","","","","","","","","","","","","","","","","","","","","","","","","","","","",""
"Swim Z2","Swim","400 snorkel + fins 400 snorkel + pull 4x75 palas z2 - descanso 15"" 5x200 com pull z2 - descanso 20"" 200 easy","0.666666666666667","1800","2026-03-10","","","","","","","","","","","","","","","","","","","","","","","","","","","","","","","","","","","","","","",""
"GYM","Custom","","","","2026-03-11","","","","","","","","","","","","","","","","","","","","","","","","","","","","","","","","","","","","","","",""
"Run - 2' + 1'","Run","20' WU 6x (2' FAST + 1' easy) NON STOP 10' CD","0.8","","2026-03-12","","","","","","","","","","","","","","","","","","","","","","","","","","","","","","","","","","","","","","",""
"Swim - threshold - wetsuit","Swim","400 snorkel +100 estilos+4X50 pernas 2X100L 25POLO 25 normal 2X200L SNORKLE Z3 - descanso 15"" 100 easy 4X50+2X100PADLES+4X50L zona 4 - descanso 15"" 100 easy","0.666666666666667","2100","2026-03-13","","","","","","","","","","","","","","","","","","","","","","","","","","","","","","","","","","","","","","",""
"Running","Run","","","","2026-03-13","","5029.91015625","326","513","572.19","","0.488016128540039","2.86299991607666","","160","","152","174","","","1.44987591328759","100.93","0","7","4","11","5","2","1","","","","0","1","5","8","7","8","","","","","",""
"Level 2","Bike","Flat course Rolar com acelarações a cada 10' (sprint de 10"")","2.16666666666667","","2026-03-14","20min Zona 1 10x 9'50"" Zona 2 10"" Zona 6 10' Cooldown","","","","","","","","","","","","","","","","","","","","","","","","","","","","","","","","","","","","","",""
"Lap Swimming","Swim","","","","2026-03-14","","1850","","","","","0.596423614290026","0.859266140269392","","23","","132","156","","","0.775455546894389","27.81","15","15","5","1","0","0","0","","","","","","","","","","","","","","",""
"Base Builder (Power)","Bike","Ride on a flat to gently rolling course. Get at least 50% of ride time in power zone 2. Avoid 3-5 zones. Keep the 2-zone effort steady and continuous. After the ride confirm that you got at least 50% of the ride in zone 2.","2.5","","2026-03-15","","68015.8515625","","","","","2.79434871673584","6.76100015640259","","","","144","180","","","0.780023975456777","193.23","29","47","31","35","13","9","2","","","","","","","","","","","","","","",""
"aerobio progressivo","Run","começar o treino em zona1 e ir aumentando até terminar os últimos 15min em zona 3 (máximo batimentos )","1","","2026-03-16","","","","","","","","","","","","","","","","","","","","","","","","","","","","","","","","","","","","","","",""
"Bike tempo - 4x5'","Bike","20' aquecimento easy 4x5min Zn3 - recuperação 2' easy 12' cooldwon","1","","2026-03-17","","","","","","","","","","","","","","","","","","","","","","","","","","","","","","","","","","","","","","",""
"Swim - mix intensidade - wetsuit","Swim","400L snorkel + fins 400 snorkel + pull 4x50 25 forte/25 facil 10x200 - descanso 15"" - 2 z2 - 4 z3 - 2 z2 - 2 z4 200 easy","1","3200","2026-03-17","","","","","","","","","","","","","","","","","","","","","","","","","","","","","","","","","","","","","","",""
"Gym","Custom","","","","2026-03-18","","","","","","","","","","","","","","","","","","","","","","","","","","","","","","","","","","","","","","",""
"Lap Swimming","Swim","","","","2026-03-19","","2350","","","","","0.771561391618517","0.845019777058612","","21","","138","154","","","0.761442973147725","34.06","7","25","13","2","0","0","0","","","","","","","","","","","","","","",""
"Swim - Z2 palas","Swim","400 snorkel + fins 400 snorkel + pull 4x75 palas z2 - descanso 15"" 5x300 com pull e palas z2/z3 - descanso 20"" 200 easy","0.833333333333333","2800","2026-03-20","","","","","","","","","","","","","","","","","","","","","","","","","","","","","","","","","","","","","","",""
"Level 2","Bike","Flat course Rolar com acelarações a cada 10' (sprint de 10"")","2.16666666666667","","2026-03-21","20min Zona 1 10x 9'50"" Zona 2 10"" Zona 6 10' Cooldown","","","","","","","","","","","","","","","","","","","","","","","","","","","","","","","","","","","","","",""
"Transição - 20' z3","Run","Transição para 20' run em zona 3","0.333333333333333","","2026-03-21","","7006.759765625","308","444","770.684","","0.694689989089966","2.80200004577637","","158","","162","170","","","1.31850768849847","119.43","0","0","0","14","16","10","0","","","","0","0","0","28","13","1","","","","","",""
"Bike Tempo 6x8'","Bike","","3.1","","2026-03-22","","","","","","","","","","","","","","","","","","","","","","","","","","","","","","","","","","","","","","",""
"LSD","Run","Long Slow Distance Ritmo baixa e técnica correta","1.25","","2026-03-23","Classic long slow distance (LSD) training. Sensation of leg effort/fatigue generally low, but may rise periodically to higher levels. Concentration generally required to maintain effort only at highest end of range and/or during longer training sessions. Breathing is more regular than at level 1, but continuous conversation still possible.","6305.0498046875","308","418","687.254","","0.618534505367279","2.83200001716614","","157","","152","176","","","1.32321327077102","106.43","8","1","0","6","12","8","1","","","","0","0","1","28","6","2","","","","","",""
"Swim - 24x100","Swim","200 snorkel + fins 200 snorkel + pull 24x100 palas - descanso 15"" 8 em z2 8 em z3 8 em z2 200 easy","1","3000","2026-03-24","","3000","","","","","0.926598059866164","0.89632506722438","","22","","138","163","","","0.809412443738905","49.14","16","19","9","9","2","0","0","","","","","","","","","","","","","","",""
"Pista - 8x600 Z4","Run","20' Aquecimento 4 retas progressivas 8x600 Z4 com 200 recuperação a trote 10' Cooldown","1","","2026-03-25","","11037.099609375","333","472","1226.745","","1.0215950012207","3.00099992752075","","162","","168","195","","","1.44921970743753","213.45","1","0","1","7","15","17","21","","","","0","0","4","21","18","18","","","","","",""
"Strength","Strength","","","","2026-03-25","","0","","","","","0.557010591030121","0","","","","91","140","","","0.567987370507324","19.61","33","0","0","0","0","0","0","","","","","","","","","","","","","","",""
"Bike tempo - 4x5'","Bike","20' aquecimento easy 4x5min Zn3 - recuperação 2' easy 12' cooldwon","1","","2026-03-26","","","","","","","","","","","","","","","","","","","","","","","","","","","","","","","","","","","","","","",""
"Running","Run","","","","2026-03-27","","6013.5","302","656","669.189","","0.615224719047546","2.71499991416931","","158","","151","173","","","1.31060746774831","103.97","1","5","10","14","4","2","0","","","","0","0","6","21","6","3","","","","","",""
"Sweet Spot + zona 2","Bike","Warm up 15' 5' @ 100% 5' Easy 2x20' @ Sweet Spot 1 (15' Intervalo) 10x1' @ Sweet Spot 2 (+105 rpm) 2' Intervalo 15' Cooldown","2.33333333333333","","2026-03-28","","","","","","","","","","","","","","","","","","","","","","","","","","","","","","","","","","","","","","",""
"Transição 5x1000 Intensidade Progressiva","Run","Transição 5x1000 em ritmo progressivo ""By the feel"" 1º - Zn2 Baixo com foco na técnica / 1'RI 2º - Zn2 to Zn3 progressivo / 1' RI 3º Tempo Pace / 1' RI 4º - Treshold Pace / 2'RI 5º - VO2 Máx Cooldown","0.416666666666667","","2026-03-28","","","","","","","","","","","","","","","","","","","","","","","","","","","","","","","","","","","","","","",""
"Base Builder (Power)","Bike","Ride on a flat to gently rolling course. Get at least 50% of ride time in power zone 2. Avoid 3-5 zones. Keep the 2-zone effort steady and continuous. After the ride confirm that you got at least 50% of the ride in zone 2.","3.5","","2026-03-29","","","","","","","","","","","","","","","","","","","","","","","","","","","","","","","","","","","","","","",""
"LSD","Run","Long Slow Distance Ritmo baixa e técnica correta","1","","2026-03-30","Classic long slow distance (LSD) training. Sensation of leg effort/fatigue generally low, but may rise periodically to higher levels. Concentration generally required to maintain effort only at highest end of range and/or during longer training sessions. Breathing is more regular than at level 1, but continuous conversation still possible.","","","","","","","","","","","","","","","","","","","","","","","","","","","","","","","","","","","","","",""
"Swim","Swim","400 snorkel + fins 8x100 Z3 - descanso 20"" 5x200 z2 with fins - on 3'20 2x300 with pull + paddles descanso 20"" 200 easy","1","3000","2026-03-31","","1500","","","","","0.429320557382372","0.967741935483871","","24","","130","159","","","0.873473197478425","28.61","13","5","4","3","0","0","0","","","","","","","","","","","","","","",""
"Pista - 8x600 Z4","Run","20' Aquecimento 4 retas progressivas 8x600 Z4 com 200 recuperação a trote 10' Cooldown","1","","2026-04-01","","9630","345","538","1107.451","","0.891638875007629","3","","162","","164","184","","","1.50458294886732","200.46","1","1","2","12","7","13","17","","","","0","0","2","16","16","19","","","","","","5"
"Strength","Strength","","","","2026-04-02","","0","","","","","0.721623361110687","0","","","","69","94","","","0.523087517499711","21.69","43","0","0","0","0","0","0","","","","","","","","","","","","","","",""
"Base Builder (Heart Rate)","Bike","Ride on a flat to gently rolling course. Get at least 50% of ride time in heart rate zone 2. Avoid 3-5 zones. Keep the 2-zone effort steady and continuous. After the ride confirm that you got at least 50% of the ride in zone 2.","1.5","","2026-04-03","","32422.140625","","","","","1.16321361064911","7.74200010299683","","","","145","174","","","0.794267834617458","81.61","9","12","24","17","5","2","0","","","","","","","","","","","","","","",""
"AE1","Run","Imediatamente a seguir à bike, corrida em zona 1 num percurso plano e piso macio","0.25","","2026-04-03","","","","","","","","","","","","","","","","","","","","","","","","","","","","","","","","","","","","","","",""
"Level 2","Bike","Flat course Rolar com acelarações a cada 10' (sprint de 10"")","2.16666666666667","","2026-04-04","20min Zona 1 10x 9'50"" Zona 2 10"" Zona 6 10' Cooldown","70868.1171875","","","","","3.11079668998718","6.32800006866455","","","","136","174","","","0.72116494687474","184.38","39","81","46","18","2","1","0","","","","","","","","","","","","","","",""
"Base Builder (Heart Rate)","Bike","Ride on a flat to gently rolling course. Get at least 50% of ride time in heart rate zone 2. Avoid 3-5 zones. Keep the 2-zone effort steady and continuous. After the ride confirm that you got at least 50% of the ride in zone 2.","2.5","","2026-04-05","","44165.4296875","","","","","1.52084112167358","8.06700038909912","","","","132","161","","","0.704547581706125","84.51","31","31","17","12","0","0","0","","","","","","","","","","","","","","",""
"Strength","Strength","","","","2026-04-08","","0","","","","","0.658356130123138","0","","","","87","128","","","0.558893012637025","22.54","40","0","0","0","0","0","0","","","","","","","","","","","","","","",""
"Running","Run","","","","2026-04-09","","6097.7900390625","317","482","687.016","","0.601521134376526","2.81599998474121","","161","","165","178","","","1.38395847285873","113.51","0","0","1","6","6","18","5","","","","0","0","2","18","12","5","","","","","5","7"
"Lap Swimming","Swim","","","","2026-04-10","","1525","","","","","0.457079446580675","0.926488456865128","","23","","133","160","","","0.83410007352564","26.52","9","15","1","2","0","0","0","","","","","","","","","","","","","","",""
"Cycling","Bike","","","","2026-04-11","","32261.609375","","","","","1.20791637897491","7.41900014877319","","","","140","166","","","0.748202811383899","75.27","13","26","18","13","2","0","0","","","","","","","","","","","","","","",""
"Zn1 - Regenerativo","Bike","Treino regenerativo Percurso plano Zn1 - rolar fácil","1","","2026-04-13","","","","","","","","","","","","","","","","","","","","","","","","","","","","","","","","","","","","","","",""
"Swim - threshold","Swim","400 snorkel +100 estilos+4X50 pernas 2X100L 25POLO 25 normal 2X200L SNORKLE Z3 - descanso 15"" 100 easy 4X50+2X100PADLES+4X50L zona 4 - descanso 15"" 100 easy","0.666666666666667","2100","2026-04-14","","2000","","","","","0.578222501998146","0.957854406130268","","25","","143","174","","","0.864719028180614","37.39","9","9","4","5","2","5","1","","","","","","","","","","","","","","","1"
"GYM","Custom","","","","2026-04-15","","","","","","","","","","","","","","","","","","","","","","","","","","","","","","","","","","","","","","",""
"Bike tempo - 4x5'","Bike","20' aquecimento easy 4x5min Zn3 - recuperação 2' easy 12' cooldwon","1","","2026-04-16","","23642.240234375","","","","","0.961044728755951","6.83300018310547","","","","158","189","","","0.944063959349679","94.77","4","4","5","11","10","16","8","","","","","","","","","","","","","","",""
"Cycling","Bike","","","","2026-04-17","","19675.66015625","","","","","0.944273889064789","5.78800010681152","","","","133","171","","","0.730604830271522","55.77","21","14","8","9","2","2","0","","","","","","","","","","","","","","",""
"Level 2","Bike","Flat course Rolar com acelarações a cada 10' (sprint de 10"")","1.5","","2026-04-18","20min Zona 1 6x 9'50"" Zona 2 10"" Zona 6 10' Cooldown","52801.48046875","","","","","1.95148479938507","7.51599979400635","","","","148","183","","","0.855248678277131","160.78","27","19","9","22","9","13","19","","","","","","","","","","","","","","",""
"Base Builder (Power)","Bike","Ride on a flat to gently rolling course. Get at least 50% of ride time in power zone 2. Avoid 3-5 zones. Keep the 2-zone effort steady and continuous. After the ride confirm that you got at least 50% of the ride in zone 2.","2","","2026-04-19","","108356.7109375","","","","","4.19905710220337","7.16800022125244","","","","157","182","","","0.890375994486491","382.22","9","21","29","85","48","47","14","","","","","","","","","","","","","","",""
"Zn1 - Regenerativo","Bike","Treino regenerativo Percurso plano Zn1 - rolar fácil","1","","2026-04-20","","","","","","","","","","","","","","","","","","","","","","","","","","","","","","","","","","","","","","",""
"Lap Swimming","Swim","","","","2026-04-20","","1500","","","","","0.452247502538893","0.920245398773006","","25","","131","167","","","0.82919197540013","25.78","13","5","6","2","1","0","0","","","","","","","","","","","","","","",""
"Swim 25m 1/5","Swim","600 snorkel 40x25 @45"" 25 fast a cada 5 8x50 com bolas 10"" intervalo 8x50 pernas com barbatanas 100 cooldown","0.916666666666667","2500","2026-04-21","","","","","","","","","","","","","","","","","","","","","","","","","","","","","","","","","","","","","","",""
"Cycling","Bike","","","","2026-04-21","","20622.630859375","","","","","0.901380300521851","6.35500001907349","","","","140","166","","","0.743856641604243","55.11","7","28","13","4","1","0","0","","","","","","","","","","","","","","",""
"GYM","Custom","","","","2026-04-22","","","","","","","","","","","","","","","","","","","","","","","","","","","","","","","","","","","","","","",""
"Lap Swimming","Swim","","","","2026-04-22","","1250","","","","","0.357217224438985","0.970496894409938","","25","","127","155","","","0.874817838055782","23.92","12","7","2","1","0","0","0","","","","","","","","","","","","","","",""
"Base Builder (Heart Rate)","Bike","Ride on a flat to gently rolling course. Get at least 50% of ride time in heart rate zone 2. Avoid 3-5 zones. Keep the 2-zone effort steady and continuous. After the ride confirm that you got at least 50% of the ride in zone 2.","1.16666666666667","","2026-04-23","","","","","","","","","","","","","","","","","","","","","","","","","","","","","","","","","","","","","","",""
"Swim - 300z2","Swim","400 snorkel + fins 400 snorkel + pull 8x50 bolas - mão direita, mão esquerda, duas, sem nada. repete 4x300 z2/3 - 30"" rest 200 easy","0.833333333333333","2600","2026-04-24","","","","","","","","","","","","","","","","","","","","","","","","","","","","","","","","","","","","","","",""
"Base Builder (Heart Rate)","Bike","Ride on a flat to gently rolling course. Get at least 50% of ride time in heart rate zone 2. Avoid 3-5 zones. Keep the 2-zone effort steady and continuous. After the ride confirm that you got at least 50% of the ride in zone 2.","2","","2026-04-25","","48741.6015625","","","","","1.91878080368042","7.05600023269653","","","","147","181","","","0.84458548651244","154.1","21","23","13","21","11","18","9","","","","","","","","","","","","","","",""
"Base Builder (Heart Rate)","Bike","Ride on a flat to gently rolling course. Get at least 50% of ride time in heart rate zone 2. Avoid 3-5 zones. Keep the 2-zone effort steady and continuous. After the ride confirm that you got at least 50% of the ride in zone 2.","2.5","","2026-04-26","","","","","","","","","","","","","","","","","","","","","","","","","","","","","","","","","","","","","","",""
"Cycling","Bike","","","","2026-04-27","","20585.060546875","","","","","0.856580257415771","6.67500019073486","","","","144","170","","","0.779761916412997","57.46","7","13","15","14","1","1","0","","","","","","","","","","","","","","",""
"Swim Fins","Swim","600 Snorkel 4x50 pull descanso 15"" 5x300 descanso 20"" com barbatanas @Zn2 ( aumento de cadência) 8x50 pernas com barbatanas saída 1' 200 easy","0.916666666666667","2900","2026-04-28","","1100","","","","","0.314277500576443","0.966608084358524","","25","","140","168","","","0.875022868310964","21.06","4","5","3","5","1","0","0","","","","","","","","","","","","","","","7"
"GYM","Custom","","","","2026-04-29","","","","","","","","","","","","","","","","","","","","","","","","","","","","","","","","","","","","","","",""
"Base Builder (Heart Rate)","Bike","Ride on a flat to gently rolling course. Get at least 50% of ride time in heart rate zone 2. Avoid 3-5 zones. Keep the 2-zone effort steady and continuous. After the ride confirm that you got at least 50% of the ride in zone 2.","2","","2026-05-01","","57153.12109375","","","","","2.08390283584595","7.61800003051758","","","","155","183","","","0.875615891247941","180.27","7","7","16","51","21","18","4","","","","","","","","","","","","","","",""
"Rampas 10x2'","Bike","20min aquecimento 10x2' em rampa - 60-70rpm 10' cooldown","1.33333333333333","","2026-05-02","","","","","","","","","","","","","","","","","","","","","","","","","","","","","","","","","","","","","","",""
"Base Builder (Heart Rate)","Bike","Ride on a flat to gently rolling course. Get at least 50% of ride time in heart rate zone 2. Avoid 3-5 zones. Keep the 2-zone effort steady and continuous. After the ride confirm that you got at least 50% of the ride in zone 2.","2.5","","2026-05-03","","18510.859375","","","","","0.612529993057251","8.39500045776367","","","","149","180","","","0.886678016546387","52.69","7","1","2","13","5","5","4","","","","","","","","","","","","","","",""
"Minute Monster (Heart Rate)","Bike","","1.21666666666667","","2026-05-04","","","","","","","","","","","","","","","","","","","","","","","","","","","","","","","","","","","","","","",""
"Lap Swimming","Swim","","","","2026-05-04","","2400","","","","","0.695607781940036","0.955033824114604","","25","","138","170","","","0.862555042622743","44.64","13","11","5","8","2","2","0","","","","","","","","","","","","","","",""
"Swim- progressivo e palas","Swim","400 snorkel + fins 200 pull 4x50 progressivo - 15"" descanso 16x50 progressivas de 5 em 5 - 15"" descanso 4 z2 8 z3 4 z4 4x200 PALAS - 20"" descanso 3 z3 2 z4 200 easy","0.833333333333333","2600","2026-05-05","","","","","","","","","","","","","","","","","","","","","","","","","","","","","","","","","","","","","","",""
"Fisio","Strength","Fisio","","","2026-05-05","","","","","","","1.5","","","","","","","","","","","","","","","","","","","","","","","","","","","","","","","",""
"Run - plano fisio","Run","","","","2026-05-06","","5181.75","326","465","587.33","","0.500125288963318","2.87800002098083","","158","","157","178","","","1.41815155751833","99.19","1","2","3","12","4","5","3","","","","0","0","2","12","10","6","","","","","",""
"Fisio","Strength","","","","2026-05-07","","","","","","","1.5","","","","","","","","","","","","","","","","","","","","","","","","","","","","","","","",""
"Run - plano fisio","Run","","","","2026-05-08","","5226.06982421875","318","431","572.835","","0.50013530254364","2.90300011634827","","157","","160","176","","","1.36133075105549","91.19","1","1","5","4","9","9","2","","","","0","0","0","14","14","1","","","","","",""
"Zona 2 + 30"" Maximo","Bike","20' Aquecimento 15x 9'30 Zona 3 30"" MUITO FORTES 10' easy","3","","2026-05-09","","","","","","","","","","","","","","","","","","","","","","","","","","","","","","","","","","","","","","",""
"Base Builder (Heart Rate)","Bike","Ride on a flat to gently rolling course. Get at least 50% of ride time in heart rate zone 2. Avoid 3-5 zones. Keep the 2-zone effort steady and continuous. After the ride confirm that you got at least 50% of the ride in zone 2.","3","","2026-05-10","","","","","","","","","","","","","","","","","","","","","","","","","","","","","","","","","","","","","","",""
"Swim técnica + series 200","Swim","200 snorkel + fins 200 snorkel + pull 4x50 25 apneia/ 25 z1 - descanso 30"" 6x100 Téc: 75ex/25N - Catch-up - Toca na coxa e no ombro - arrasta mão na água 5x200 com pull - 20"" descanso - z2 - 75 fast /25 easy - z2 - 75 fast /25 easy - z2 200 easy","0.833333333333333","2600","2026-05-11","","1500","","","","","0.435125279426575","0.954198473282443","","24","","130","159","","","0.861820762273775","27.85","15","5","2","4","0","0","0","","","","","","","","","","","","","","",""
"Running","Run","","","","2026-05-11","","7007.18017578125","326","464","793.302","","0.675873637199402","2.88000011444092","","161","","158","183","","","1.4079654975467","132.43","1","0","3","18","9","8","1","","","","0","0","2","17","16","7","","","","","",""
"33' Run - Zn2","Run","Corrida em Zn2 com piso soft Pulso @140","0.55","","2026-05-12","","6012.1298828125","320","377","650.768","","0.564373314380646","2.95900011062622","","160","","162","179","","","1.36518928463494","103.75","1","0","0","6","12","11","3","","","","0","0","0","12","22","0","","","","","",""
"Strength","Strength","","","","2026-05-12","","0","","","","","0.64042329788208","0","","","","88","130","","","0.564564259353266","22.37","38","0","0","0","0","0","0","","","","","","","","","","","","","","",""
"Swim Z2","Swim","400 snorkel + fins 400 snorkel + pull 15x100 zona 2 - descanso 20"" 200 easy","0.833333333333333","2500","2026-05-13","","2500","","","","","0.774941114849514","0.89541547277937","","24","","149","171","","","0.806512892429728","40.65","7","6","5","16","10","2","0","","","","","","","","","","","","","","",""
"33' Run - Zn2","Run","Corrida em Zn2 com piso soft Pulso @140","0.55","","2026-05-14","","6079.35986328125","334","465","663.1","","0.551221966743469","3.06399989128113","","157","","163","176","","","1.43117703837097","111.18","1","0","0","7","8","16","1","","","","0","0","0","4","27","2","","","","","",""
"Strength","Strength","","","","2026-05-14","","0","","","","","0.661913871765137","0","","","","88","134","","","0.557863748395784","22.59","40","0","0","0","0","0","0","","","","","","","","","","","","","","",""
"Swim - 3sets 4x50","Swim","200 crawl - respiração 3 em 3 200 crawl - respiração 5 em 5 50 só braço direito 50 só braço esquerdo 100 normal 100 punhos fechados + 100 normal 400 z2 4x50 máximo - descanso 1' 400 z2 palas + pull 4x50 máximo - descanso 1' 400 z2 fins 200 easy","0.9","2400","2026-05-15","","1500","","","","","0.443771391444736","0.936329588014981","","24","","128","153","","","0.845029686972734","26.78","11","15","0","1","0","0","0","","","","","","","","","","","","","","","5"
"Base Builder (Heart Rate)","Bike","Ride on a flat to gently rolling course. Get at least 50% of ride time in heart rate zone 2. Avoid 3-5 zones. Keep the 2-zone effort steady and continuous. After the ride confirm that you got at least 50% of the ride in zone 2.","2","","2026-05-16","","44052.28125","","","","","1.60012912750244","7.64699983596802","","","","137","178","","","0.740926194395276","98.47","24","35","16","15","3","3","1","","","","","","","","","","","","","","5","5"
"Transição - 20' Run - Zn2","Run","Corrida em Zn2 com piso soft Pulso @150","0.333333333333333","","2026-05-16","","4007.44995117188","326","597","433.248","","0.368637770414352","3.01999998092651","","161","","162","181","","","1.40645832260574","71.43","0","1","0","8","6","6","1","","","","0","0","0","10","9","3","","","","","",""
"Base Builder (Heart Rate)","Bike","Ride on a flat to gently rolling course. Get at least 50% of ride time in heart rate zone 2. Avoid 3-5 zones. Keep the 2-zone effort steady and continuous. After the ride confirm that you got at least 50% of the ride in zone 2.","2.5","","2026-05-17","","","","","","","","","","","","","","","","","","","","","","","","","","","","","","","","","","","","","","",""
"Running","Run","","","","2026-05-17","","5128.14013671875","341","395","565.198","","0.460353046655655","3.09400010108948","","162","","162","178","","","1.45878908848013","96.35","1","1","0","5","8","9","3","","","","0","0","0","2","21","5","","","","","",""
"50' Run - Zn2","Run","Corrida em Zn2 com piso soft Pulso @150","0.833333333333333","","2026-05-18","","8786.5","321","510","965.508","","0.833448648452759","2.92799997329712","","164","","155","178","","","1.38927966296729","160.12","1","0","4","38","5","1","1","","","","0","0","1","24","19","6","","","","","",""
"Swim - mix intensidade","Swim","400L snorkel + fins 400 snorkel + pull 4x50 25 forte/25 facil 8x200 - descanso 15"" - 2 z2 - 3 z3 - 1 z2 - 2 z4 200 easy","1","2800","2026-05-18","","2000","","","","","0.593240835931566","0.933706816059757","","25","","141","162","","","0.842828021464251","35.52","4","13","13","5","0","0","0","","","","","","","","","","","","","","","5"
"Bike tempo - 4x5'","Bike","20' aquecimento easy 4x5min Zn3 - recuperação 2' easy 12' cooldwon","1","","2026-05-19","","20586.08984375","","","","","0.844639718532562","6.76999998092651","","","","148","175","","","0.837562354275866","65.35","7","8","11","11","7","6","1","","","","","","","","","","","","","","3","3"
"Strength","Strength","","","","2026-05-19","","0","","","","","0.798365533351898","0","","","","88","139","","","0.565807351281699","28.15","47","1","0","0","0","0","0","","","","","","","","","","","","","","",""
"Tempo Run 6x4'","Run","20' Aquecimento 6x4' Zona 3 / 2' easy pace 10' Cooldown","1.1","","2026-05-20","","10005.7802734375","313","476","1096.009","","0.971541702747345","2.86100006103516","","162","","160","180","","","1.36112187150069","178.6","1","1","7","20","10","16","4","","","","0","0","6","26","19","6","","","","","3","1"
"Zn1 - Regenerativo","Bike","Treino regenerativo Percurso plano Zn1 - rolar fácil","1","","2026-05-21","","","","","","","","","","","","","","","","","","","","","","","","","","","","","","","","","","","","","","",""
"Strength","Strength","","","","2026-05-21","","0","","","","","0.719774425029755","0","","","","72","101","","","0.526617646320723","21.93","43","0","0","0","0","0","0","","","","","","","","","","","","","","",""
"Swim - z3 + z2 + z4","Swim","400 snorkel + fins 400 snorkel + pull 10x50 zona 3 - descanso 25"" 10x100 zona 2 - descanso 20"" 10x50 zona 4 - descanso 45"" 200 easy","1","3000","2026-05-22","","","","","","","","","","","","","","","","","","","","","","","","","","","","","","","","","","","","","","",""
"Cycling","Bike","","","","2026-05-22","","28174.529296875","","","","","1.01799809932709","7.68800020217896","","","","156","183","","","0.909079013765695","93.22","4","5","6","20","7","14","5","","","","","","","","","","","","","","",""
"SS curto","Bike","","1.65","","2026-05-23","","49204.21875","","","","","1.63114750385284","8.37899971008301","","","","152","188","","","0.857255226044499","134.4","5","21","16","28","9","13","6","","","","","","","","","","","","","","5","1"
"Transição - Tempo Run repartido","Run","3x(2' fast + 1' recovery + 1' fast + 30"" recovery + 30"" fast + 30"" recovery) 10' Cooldown","0.441666666666667","","2026-05-23","","5010.56982421875","328","501","537.729","","0.454953610897064","3.05900001525879","","162","","160","178","","","1.40188985272417","87.72","1","1","1","11","8","5","1","","","","0","0","0","8","17","2","","","","","",""
"Desnível acumulado","Bike","Máximo desnível acumulado com subidas em 60/70 Rpm sentado","3","","2026-05-24","","78543.9375","","","","","3.4214653968811","6.3769998550415","","","","137","168","","","0.727844116772103","207.07","41","83","59","22","1","0","0","","","","","","","","","","","","","","",""
"LSD","Run","Long Slow Distance Ritmo baixa e técnica correta","1","","2026-05-25","Classic long slow distance (LSD) training. Sensation of leg effort/fatigue generally low, but may rise periodically to higher levels. Concentration generally required to maintain effort only at highest end of range and/or during longer training sessions. Breathing is more regular than at level 1, but continuous conversation still possible.","8006.06005859375","311","522","890.559","","0.796161651611328","2.79299998283386","","158","","158","179","","","1.33881832638356","141.32","1","1","7","19","10","8","2","","","","0","0","3","30","10","4","","","","","",""
"Swim Endurance - wetsuit","Swim","200 snorkel + fins 8x50 (25 crawl FAST + 25 corrida) NON STOP 2000 Zn2 - palas (snorkel opcional) 200 easy","0.916666666666667","2700","2026-05-26","","","","","","","","","","","","","","","","","","","","","","","","","","","","","","","","","","","","","","",""
"Bike Tempo 3x10'","Bike","","1.25","","2026-05-27","","22754.08984375","","","","","0.936070263385773","6.7519998550415","","","","145","173","","","0.787653501224753","64.21","7","18","12","14","2","3","0","","","","","","","","","","","","","","3","3"
"Run - 6' + 40/20 + 8'","Run","15' Aquecimento 4x6' Tempo com 3' easy 6x (40"" Muito rápido + 20"" easy run) 8' Tempo run 10' cooldown","1.25","","2026-05-28","","11684.0302734375","326","436","1272.78","","1.08486139774323","2.99200010299683","","162","","164","185","","","1.42139864977935","217.51","1","3","11","9","3","11","27","","","","0","0","8","19","18","19","","","","","9","5"
"Strength","Strength","","","","2026-05-28","","0","","","","","0.625000834465027","0","","","","77","98","","","0.529228856498296","19.16","37","0","0","0","0","0","0","","","","","","","","","","","","","","",""
"Swim - wetsuit","Swim","400 snorkel 4x50 25forte/ 25 facil - 15"" descanso 15x100 z3 c/15"" 400 z3 Palas + pull 200 Easy","0.916666666666667","2800","2026-05-29","","","","","","","","","","","","","","","","","","","","","","","","","","","","","","","","","","","","","","",""
"Bike Tempo 6x8'","Bike","","2.5","","2026-05-30","","67423.0625","","","","","2.71531176567078","6.89699983596802","","","","139","173","","","0.731912683756735","165.21","35","64","33","25","4","2","0","","","","","","","","","","","","","","",""
"Transição - 8kms a race pace","Run","Transição 1km - W-up 8kms - race pace 1km - easy","0.842222222222222","","2026-05-30","","10014.16015625","327","481","1111.439","","0.943633913993835","2.94799995422363","","160","","164","184","","","1.41330806295704","186.08","1","3","3","11","8","16","15","","","","0","0","2","19","27","9","","","","","9","3"
"Base Builder (Power)","Bike","Ride on a flat to gently rolling course. Get at least 50% of ride time in power zone 2. Avoid 3-5 zones. Keep the 2-zone effort steady and continuous. After the ride confirm that you got at least 50% of the ride in zone 2.","3","","2026-05-31","","87066.8984375","","","","","3.75247263908386","6.44500017166138","","","","131","160","","","0.676729260676191","196.76","89","92","31","12","0","0","0","","","","","","","","","","","","","","",""
"Swim Águas abertas","Swim","2kms seguidos a ritmo de half","0.421111111111111","2000","2026-05-31","","","","","","","","","","","","","","","","","","","","","","","","","","","","","","","","","","","","","","",""
"30"" Fast + 30"" easy","Run","15' Aquecimento 55x(30"" Fast + 30"" easy) NON STOP 10' Cooldown","0.5","4623","2026-06-01","","5015.22998046875","304","469","550.328","","0.502086639404297","2.77500009536743","","160","","151","173","","","1.31784870925343","85.86","1","3","10","12","2","2","0","","","","0","0","2","22","4","2","","","","","2","5"
"Zn1 - Regenerativo","Bike","Treino regenerativo Percurso plano Zn1 - rolar fácil","1","","2026-06-02","","","","","","","","","","","","","","","","","","","","","","","","","","","","","","","","","","","","","","",""
"Strength","Strength","","","","2026-06-02","","0","","","","","0.634945809841156","0","","","","77","99","","","0.527144953562327","19.33","38","0","0","0","0","0","0","","","","","","","","","","","","","","",""
"Swim#3","Swim","400 Snorkel 4x50 progressivo @1'20 4x50 Zn5 @ 2' 4x50 pull easy 2x100 Zn4 @ 2'30 4x50 pull easy 200 Zn3 4x50 pernas com barbatanas @45"" 200 cooldown","0.666666666666667","2000","2026-06-03","","","","","","","","","","","","","","","","","","","","","","","","","","","","","","","","","","","","","","",""
"Bike progressiva","Bike","1h progressiva: 20' Aquecimento progressivo Zn2 to Zn3 no final: 20' @Zn3 + 20' com 5x2' Threshold pace / 2' RI","1.05","","2026-06-04","","","","","","","","","","","","","","","","","","","","","","","","","","","","","","","","","","","","","","",""
"Transição 3x1000 Intensidade Progressiva","Run","Transição 3x1000 em ritmo progressivo ""By the feel"" 1º Tempo Pace / 1' RI 2º - Treshold Pace / 2'RI 3º - VO2 Máx Cooldown","0.333333333333333","","2026-06-04","","","","","","","","","","","","","","","","","","","","","","","","","","","","","","","","","","","","","","",""
"Recovery Day","Day Off","Actively focus on recovery today: 1) stay off of legs all you can 2) watch nutrition closely (healthy carbs, lean protein, and good fats) 3) strech 4) drink when thirsty","","","2026-06-05","","","","","","","","","","","","","","","","","","","","","","","","","","","","","","","","","","","","","","",""
"Pre-race swim","Swim","Nadar 1km tranquilo para sentir a água com 4 acelerações de 30 braçadas","0.333333333333333","1000","2026-06-06","","","","","","","","","","","","","","","","","","","","","","","","","","","","","","","","","","","","","","",""
"Pre Race Bike","Bike","30' a rolar com 4 a 6 acelarações","0.5","","2026-06-06","","","","","","","","","","","","","","","","","","","","","","","","","","","","","","","","","","","","","","",""
"Pre-race Run","Run","","0.25","","2026-06-06","","","","","","","","","","","","","","","","","","","","","","","","","","","","","","","","","","","","","","",""
"Open Water Swimming","Swim","","","","2026-06-07","","0","","","","","0.003230000147596","0","","","","81","85","","","0.554352033018329","0.09","0","0","0","0","0","0","0","","","","","","","","","","","","","","",""
"Open Water Swimming","Swim","","","","2026-06-07","","1857.57995605469","","","","","0.611287236213684","0.843999981880188","","25","","129","150","","","0.759700123775096","26.8","20","16","1","0","0","0","0","","","","","","","","","","","","","","",""
"Transition","Other","","","","2026-06-07","","542.609985351563","","","","","0.098390556871891","1.53199994564056","","50","","115","137","","","0.631547321533958","4.1","4","1","0","0","0","0","0","","","","","","","","","","","","","","",""
"Cycling","Bike","","","","2026-06-07","","89329.7890625","","","","","2.93134212493896","8.46500015258789","","","","148","170","","","0.795213230545365","210.9","4","30","76","62","3","1","0","","","","","","","","","","","","","","",""
"Transition","Other","","","","2026-06-07","","280.380004882813","","","","","0.0692602768540382","1.125","","72","","132","144","","","0.690610505674972","3.42","1","3","0","0","0","0","0","","","","","","","","","","","","","","",""
"Running","Run","","","","2026-06-07","","21190.630859375","272","427","2264.52","","2.31223201751709","2.5460000038147","","149","","153","178","","","1.23238513593821","350.42","6","14","16","84","12","6","0","","","","15","1","9","95","16","3","","","","","",""
"DAY OFF","Day Off","","","","2026-06-08","","","","","","","","","","","","","","","","","","","","","","","","","","","","","","","","","","","","","","",""
"Zn1 - Regenerativo","Bike","Treino regenerativo Percurso plano Zn1 - rolar fácil","0.666666666666667","","2026-06-09","","","","","","","","","","","","","","","","","","","","","","","","","","","","","","","","","","","","","","",""
"Recovery and Rest Run","Run","Run in heart rate or pace zone 1 on a mostly flat, soft surface such as on a trail or in a park. VERY easy. Best done alone. If feeling very tired shorten this run or don't do it.","0.333333333333333","","2026-06-11","","","","","","","","","","","","","","","","","","","","","","","","","","","","","","","","","","","","","","",""
"Zn1 - Regenerativo","Bike","Treino regenerativo Percurso plano Zn1 - rolar fácil","1","","2026-06-12","","","","","","","","","","","","","","","","","","","","","","","","","","","","","","","","","","","","","","",""
"Open Water Swimming","Swim","","","","2026-06-12","","578.72998046875","","","","","0.238753616809845","0.672999978065491","","22","","120","131","","","0.605990799429102","5.31","14","0","0","0","0","0","0","","","","","","","","","","","","","","",""
"Recovery and Rest Run","Run","Run in heart rate or pace zone 1 on a mostly flat, soft surface such as on a trail or in a park. VERY easy. Best done alone. If feeling very tired shorten this run or don't do it.","0.5","","2026-06-13","","","","","","","","","","","","","","","","","","","","","","","","","","","","","","","","","","","","","","",""
"DAY OFF","Day Off","","","","2026-06-14","","","","","","","","","","","","","","","","","","","","","","","","","","","","","","","","","","","","","","",""
"30' Run - Zn2","Run","Corrida em Zn2 com piso soft Pulso @140","0.5","","2026-06-15","","5419.47021484375","327","455","590.135","","0.500108599662781","3.00999999046326","","160","","161","173","","","1.40446020922262","97.08","1","0","1","8","8","12","0","","","","0","0","0","6","22","1","","","","","",""
"Running","Run","","","","2026-06-15","","3004.85009765625","321","550","326.103","","0.282029718160629","2.96000003814697","","159","","170","176","","","1.369719017966","51.4","0","0","0","0","0","7","8","","","","0","0","0","7","10","0","","","","","",""
"Swim","Swim","Nadar à tua vontade","0.5","1500","2026-06-16","","1500","","","","","0.457221946716309","0.910746812386157","","24","","146","163","","","0.820170603561765","25.23","1","8","5","12","1","0","0","","","","","","","","","","","","","","",""
"Level 2","Bike","Flat course Rolar com acelarações a cada 10' (sprint de 10"")","1.33333333333333","","2026-06-17","20min Zona 1 5x 9'50"" Zona 2 10"" Zona 6 10' Cooldown","","","","","","","","","","","","","","","","","","","","","","","","","","","","","","","","","","","","","",""
"30' Run - Zn2 + 4 retas","Run","Corrida em Zn2 com piso soft Pulso @145 No final fazer 4 retas progressivas de 20""","0.5","","2026-06-18","","5767.509765625","336","558","631.841","","0.522924423217773","3.06399989128113","","159","","164","187","","","1.43673218365004","106.36","1","0","0","3","7","18","2","","","","0","0","0","6","22","3","","","","","",""
"Swim - z2 pull","Swim","400 sn + fins 400 sn + pull 4x50 tecnica - pala invertida 5x200 pull z2 - 30"" descanso 4x100 z2 - 20"" descanso 200 easy","0.833333333333333","2600","2026-06-19","Pala invertida: https://www.youtube.com/shorts/TYlnf04z0kw","","","","","","","","","","","","","","","","","","","","","","","","","","","","","","","","","","","","","",""
"Base Builder (Heart Rate)","Bike","Ride on a flat to gently rolling course. Get at least 50% of ride time in heart rate zone 2. Avoid 3-5 zones. Keep the 2-zone effort steady and continuous. After the ride confirm that you got at least 50% of the ride in zone 2.","1.5","","2026-06-20","","44416","","","","","1.5344260931015","8.04100036621094","","","","160","184","","","0.959511795276103","158.15","8","4","5","14","16","26","19","","","","","","","","","","","","","","",""
"Base Builder (Heart Rate)","Bike","Ride on a flat to gently rolling course. Get at least 50% of ride time in heart rate zone 2. Avoid 3-5 zones. Keep the 2-zone effort steady and continuous. After the ride confirm that you got at least 50% of the ride in zone 2.","2","","2026-06-21","","","","","","","","","","","","","","","","","","","","","","","","","","","","","","","","","","","","","","",""
"40' Run @Zn2","Run","Corrida em Zn2, piso soft e cadência +88 Pulso @140 5' descontração a andar","0.666666666666667","","2026-06-22","","7007.990234375","320","538","791.891","","0.687805831432343","2.82999992370605","","156","","155","169","","","1.37977374180613","128.83","1","2","6","26","5","2","0","","","","0","0","1","22","13","5","","","","","",""
"Swim Z2","Swim","400 snorkel + fins 400 snorkel + pull 12x100 zona 2 - descanso 20"" 200 easy","0.75","2200","2026-06-23","","","","","","","","","","","","","","","","","","","","","","","","","","","","","","","","","","","","","","",""
"Level 2","Bike","Flat course Rolar com acelarações a cada 10' (sprint de 10"")","1.33333333333333","","2026-06-24","20min Zona 1 5x 9'50"" Zona 2 10"" Zona 6 10' Cooldown","","","","","","","","","","","","","","","","","","","","","","","","","","","","","","","","","","","","","",""
"45' com 100metros","Run","15' Aquecimento Depois do aquecimento a cada km os primeiros 100 são em sprint e os restantes 900m em zona 2","0.761111111111111","","2026-06-25","","","","","","","","","","","","","","","","","","","","","","","","","","","","","","","","","","","","","","",""
"Swim - z2 pull","Swim","400 sn + fins 400 sn + pull 4x50 tecnica - pala invertida 5x200 pull z2 - 30"" descanso 4x100 z2 - 20"" descanso 200 easy","0.916666666666667","2500","2026-06-26","Pala invertida: https://www.youtube.com/shorts/TYlnf04z0kw","","","","","","","","","","","","","","","","","","","","","","","","","","","","","","","","","","","","","",""
"Running","Run","","","","2026-06-26","","5170.27001953125","328","597","572.188","","0.484137773513794","2.96600008010864","","160","","161","179","","","1.4107350570867","94.89","0","0","1","12","5","8","3","","","","0","0","1","11","13","4","","","","","",""
"Base Builder (Heart Rate)","Bike","Ride on a flat to gently rolling course. Get at least 50% of ride time in heart rate zone 2. Avoid 3-5 zones. Keep the 2-zone effort steady and continuous. After the ride confirm that you got at least 50% of the ride in zone 2.","1.5","","2026-06-27","","","","","","","","","","","","","","","","","","","","","","","","","","","","","","","","","","","","","","",""
"AE1","Run","Imediatamente a seguir à bike, corrida em zona 1 num percurso plano e piso macio","0.25","","2026-06-27","","","","","","","","","","","","","","","","","","","","","","","","","","","","","","","","","","","","","","",""
"Base Builder (Heart Rate)","Bike","Ride on a flat to gently rolling course. Get at least 50% of ride time in heart rate zone 2. Avoid 3-5 zones. Keep the 2-zone effort steady and continuous. After the ride confirm that you got at least 50% of the ride in zone 2.","2.5","","2026-06-28","","","","","","","","","","","","","","","","","","","","","","","","","","","","","","","","","","","","","","",""
"50' Run - Zn2","Run","Corrida em Zn2 com piso soft Pulso @140","0.833333333333333","","2026-06-29","","9026.9296875","332","515","999.861","","0.83397251367569","3.00699996948242","","157","","158","175","","","1.44140174390472","171.95","1","2","5","21","8","10","3","","","","1","0","1","14","25","9","","","","","",""
"Base Builder (Heart Rate)","Bike","Ride on a flat to gently rolling course. Get at least 50% of ride time in heart rate zone 2. Avoid 3-5 zones. Keep the 2-zone effort steady and continuous. After the ride confirm that you got at least 50% of the ride in zone 2.","1.16666666666667","","2026-06-30","","","","","","","","","","","","","","","","","","","","","","","","","","","","","","","","","","","","","","",""
"Swim - podes ir com a coach à piscina","Swim","300 snorkel + fins 300 snorkel + pull 4x50 progressivo dentro dos 50 - descanso 20"" 7x100 Z4 - descanso 20"" 200 easy 7x100 Z4 - descanso 20"" 200 easy","1","2600","2026-07-01","","","","","","","","","","","","","","","","","","","","","","","","","","","","","","","","","","","","","","",""
"Running","Run","","","","2026-07-01","","5009.919921875","323","491","561.919","","0.483079731464386","2.88100004196167","","157","","157","174","","","1.40535586637842","93.8","1","1","4","11","3","8","1","","","","0","0","0","14","8","5","","","","","4","3"
"50 Zn2 com 1' máxima cadência","Run","10' Aquecimento 40' em que o 1º minuto de cada km é a fazer o máximo de steps","0.833333333333333","","2026-07-02","","","","","","","","","","","","","","","","","","","","","","","","","","","","","","","","","","","","","","",""
"Strength","Strength","","","","2026-07-02","","0","","","","","0.693899750709534","0","","","","87","120","","","0.552627423686753","23.26","42","0","0","0","0","0","0","","","","","","","","","","","","","","",""
"Base Builder (Heart Rate)","Bike","Ride on a flat to gently rolling course. Get at least 50% of ride time in heart rate zone 2. Avoid 3-5 zones. Keep the 2-zone effort steady and continuous. After the ride confirm that you got at least 50% of the ride in zone 2.","1.5","","2026-07-04","","","","","","","","","","","","","","","","","","","","","","","","","","","","","","","","","","","","","","",""
"AE1","Run","Imediatamente a seguir à bike, corrida em zona 1 num percurso plano e piso macio","0.25","","2026-07-04","","","","","","","","","","","","","","","","","","","","","","","","","","","","","","","","","","","","","","",""
"Base Builder (Heart Rate)","Bike","Ride on a flat to gently rolling course. Get at least 50% of ride time in heart rate zone 2. Avoid 3-5 zones. Keep the 2-zone effort steady and continuous. After the ride confirm that you got at least 50% of the ride in zone 2.","3","","2026-07-05","","53627.2109375","","","","","2.0679304599762","7.2039999961853","","","","132","173","","","0.685309691843317","109.55","56","41","11","12","2","2","0","","","","","","","","","","","","","","",""
"50' Run - Zn2","Run","Corrida em Zn2 com piso soft Pulso @140","0.833333333333333","","2026-07-06","","","","","","","","","","","","","","","","","","","","","","","","","","","","","","","","","","","","","","",""
"Minute Monster (Heart Rate)","Bike","","1.21666666666667","","2026-07-07","","","","","","","","","","","","","","","","","","","","","","","","","","","","","","","","","","","","","","",""
"Running","Run","","","","2026-07-07","","8583.580078125","323","537","969.312","","0.833397746086121","2.86100006103516","","155","","162","179","","","1.40074866630142","161.24","2","1","0","9","18","16","4","","","","0","0","1","25","17","6","","","","","",""
"Tempo Run 5x3'","Run","20' Aquecimento 5x3' Zona 3 / 2' easy pace 10' Cooldown","0.916666666666667","","2026-07-08","","8009.81005859375","295","390","879.183","","0.826374471187592","2.69199991226196","","157","","146","166","","","1.27439750378688","132.69","1","23","10","14","1","1","0","","","","0","0","13","22","13","1","","","","","3","3"
"Strength","Strength","","","","2026-07-09","","0","","","","","0.802009999752045","0","","","","100","151","","","0.589543019639753","30.71","46","2","1","0","0","0","0","","","","","","","","","","","","","","",""
"Run Fartlek","Run","Corrida em terreno variado com aumento de intensidade nas subidas e Zn2 nas descidas e plano","0.833333333333333","","2026-07-10","","","","","","","","","","","","","","","","","","","","","","","","","","","","","","","","","","","","","","",""
"Base Builder (Heart Rate)","Bike","Ride on a flat to gently rolling course. Get at least 50% of ride time in heart rate zone 2. Avoid 3-5 zones. Keep the 2-zone effort steady and continuous. After the ride confirm that you got at least 50% of the ride in zone 2.","1.5","","2026-07-11","","","","","","","","","","","","","","","","","","","","","","","","","","","","","","","","","","","","","","",""
"AE1","Run","Imediatamente a seguir à bike, corrida em zona 1 num percurso plano e piso macio","0.25","","2026-07-11","","","","","","","","","","","","","","","","","","","","","","","","","","","","","","","","","","","","","","",""
"Base Builder (Heart Rate)","Bike","Ride on a flat to gently rolling course. Get at least 50% of ride time in heart rate zone 2. Avoid 3-5 zones. Keep the 2-zone effort steady and continuous. After the ride confirm that you got at least 50% of the ride in zone 2.","2.5","","2026-07-12","","","","","","","","","","","","","","","","","","","","","","","","","","","","","","","","","","","","","","",""
"Endurance Run","Run","Correr entre 50' a 60' com a FC a 140-145","1","","2026-07-13","","10033.3603515625","304","570","1095.396","","1.00106644630432","2.78399991989136","","157","","156","174","","","1.30759938081165","169.4","1","1","12","29","6","10","1","","","","0","0","4","42","11","3","","","","","",""
"Data limite pagamento Coach","Custom","","","","2026-07-13","","","","","","","","","","","","","","","","","","","","","","","","","","","","","","","","","","","","","","",""
"VO2Max B","Bike","15' Aquecimento 5' Blowout effort @100% 5' recover 6x3' @ 117% Intervalo 3' entre repetições (rolar fácil 90rpm) 15' Cooldown","1.26666666666667","","2026-07-14","","","","","","","","","","","","","","","","","","","","","","","","","","","","","","","","","","","","","","",""
"5x200MAX","Run","20' Aquecimento 4 retas progressivas a terminar BEM forte 5x200 MAX (3' Recuperação) 10' Cooldown","1","","2026-07-15","Estamos a trabalhar a tua velocidade base. Daí muita intensidade nas séries de 200, uma vez que é ao máximo e depois muito descanso mas recuperar","","","","","","","","","","","","","","","","","","","","","","","","","","","","","","","","","","","","","",""
"Cycling","Bike","","","","2026-07-15","","18641.810546875","","","","","0.858650863170624","6.0310001373291","","","","142","175","","","0.7669154655425","55.71","10","16","9","13","2","1","0","","","","","","","","","","","","","","",""
"Swim - séries 150","Swim","400 snorkel + fins 8x50 pull saída aos 60"" 8x25 (ímpares só braço direito, pares só braço esquerdo) - o braço parado vai em baixo ao longo do corpo e respira para o lado do braço em baixo 10x150 @Zn2 com palas - 15"" descanso 200 Cooldown","0.916666666666667","2700","2026-07-16","","","","","","","","","","","","","","","","","","","","","","","","","","","","","","","","","","","","","","",""
"Strength","Strength","","","","2026-07-16","","0","","","","","0.767489671707153","0","","","","105","162","","","0.602185038242395","30.62","41","4","1","1","0","0","0","","","","","","","","","","","","","","",""
"Running","Run","","","","2026-07-16","","5920.35986328125","232","644","585.712","","0.700701355934143","2.34699988365173","","130","","152","192","","","1.26639163368816","110.58","8","4","2","8","11","6","3","","","","15","0","1","16","6","3","","","","","5","3"
"Run Fartlek","Run","Corrida em terreno variado com aumento de intensidade nas subidas e Zn2 nas descidas e plano","0.833333333333333","","2026-07-17","","","","","","","","","","","","","","","","","","","","","","","","","","","","","","","","","","","","","","",""
"Zona 2 + 30"" Maximo","Bike","20' Aquecimento 6x 9'30 Zona 3 30"" MUITO FORTES 10' easy","1.5","","2026-07-18","","48108.1015625","","","","","1.88417434692383","7.09200000762939","","","","136","178","","","0.732608657237714","113.8","30","42","21","14","3","3","1","","","","","","","","","","","","","","",""
"AE1","Run","Imediatamente a seguir à bike, corrida em zona 1 num percurso plano e piso macio","0.25","","2026-07-18","","","","","","","","","","","","","","","","","","","","","","","","","","","","","","","","","","","","","","",""
"Masters","Bike","Percurso com sobe e desce. Rolar com aumento da intensidade nas subidas","3","","2026-07-19","","70005.8515625","","","","","2.78462195396423","6.98299980163574","","","","132","171","","","0.680719758741655","146.64","70","62","22","10","3","1","0","","","","","","","","","","","","","","",""
"Endurance run","Run","Correr com a FC a 145","1.16666666666667","","2026-07-20","","11602.240234375","302","430","1269.638","","1.16675698757172","2.76200008392334","","157","","155","175","","","1.56283796256485","284.23","1","5","9","41","9","5","0","","","","0","0","3","55","9","2","","","","","",""
"Bike - VO2 + Tempo","Bike","20' Aquecimento 4x2 VO2 - 3' easy 10' Zona 2 3x4' Z3 - 3' easy 10' easy","1.35","","2026-07-21","","25321.919921875","","","","","1.27227783203125","5.52899980545044","","","","125","166","","","0.663361205447328","62.38","38","27","7","4","0","0","0","","","","","","","","","","","","","","3","1"
"Intervalo Curto 5x200MAX","Run","20' Aquecimento 4 retas progressivas 5x200 MAX (3' Recuperação) 10' Cooldown","0.826388888888889","7786","2026-07-22","Estamos a trabalhar a tua velocidade base. Daí muita intensidade nas séries de 200, uma vez que é ao máximo e depois muito descanso mas recuperar","7405.97998046875","298","502","804.068","","0.747629761695862","2.75200009346008","","156","","154","190","","","1.58142255974006","187.75","1","7","10","14","5","3","5","","","","0","0","10","26","5","4","","","","","3","1"
"Swim - z3 + z2 + z4","Swim","400 snorkel + fins 400 snorkel + pull 8x50 zona 3 - descanso 25"" 8x100 zona 2 - descanso 20"" 8x50 zona 4 - descanso 45"" 200 easy","0.833333333333333","2600","2026-07-23","","","","","","","","","","","","","","","","","","","","","","","","","","","","","","","","","","","","","","",""
"Run Fartlek","Run","Corrida em terreno variado com aumento de intensidade nas subidas e Zn2 nas descidas e plano","1","","2026-07-24","","","","","","","","","","","","","","","","","","","","","","","","","","","","","","","","","","","","","","",""
"Cycling","Bike","","","","2026-07-24","","25220.390625","","","","","1.21879327297211","5.7480001449585","","","","129","167","","","0.698987482873913","66.28","34","15","13","10","1","0","0","","","","","","","","","","","","","","",""
"Zona 2 + 30"" Maximo","Bike","20' Aquecimento 8x 9'30 Zona 3 30"" MUITO FORTES 10' easy","1.83333333333333","","2026-07-25","","","","","","","","","","","","","","","","","","","","","","","","","","","","","","","","","","","","","","",""
"Transição - 20' Run - Zn3","Run","Corrida em Zn3","0.333333333333333","","2026-07-25","","","","","","","","","","","","","","","","","","","","","","","","","","","","","","","","","","","","","","",""
"Base Builder (Heart Rate)","Bike","Ride on a flat to gently rolling course. Get at least 50% of ride time in heart rate zone 2. Avoid 3-5 zones. Keep the 2-zone effort steady and continuous. After the ride confirm that you got at least 50% of the ride in zone 2.","3.5","","2026-07-26","","","","","","","","","","","","","","","","","","","","","","","","","","","","","","","","","","","","","","",""
"Running","Run","","","","2026-07-26","","6387.1201171875","330","458","741.095","","0.62298583984375","2.84800004959106","","155","","163","177","","","1.72704786050795","185.13","1","1","1","11","6","13","5","","","","0","0","3","12","12","10","","","","","",""
"Endurance run","Run","Correr entre 50' a 60' com a FC a 140-145","1.25","","2026-07-27","","","","","","","","","","","","","","","","","","","","","","","","","","","","","","","","","","","","","","",""
"Cycling","Bike","","","","2026-07-27","","41129.671875","","","","","1.60652220249176","7.11199998855591","","","","139","166","","","0.740680860885797","98.79","18","37","23","17","1","0","0","","","","","","","","","","","","","","",""
"Bike - VO2 + Tempo","Bike","20' Aquecimento 5x2 VO2 - 3' easy 10' Zona 2 4x4' Z3 - 3' easy 10' easy","1.55","","2026-07-28","","","","","","","","","","","","","","","","","","","","","","","","","","","","","","","","","","","","","","",""
"","Run","","","","2026-07-28","","5000","","","","","0.5","2.77777777777778","","","","","","","","","","","","","","","","","","","","","","","","","","","","","","",""
"Intervalo Curto 5x200MAX","Run","20' Aquecimento 4 retas progressivas 5x200 MAX (3' Recuperação) 10' Cooldown","0.826388888888889","7786","2026-07-29","Estamos a trabalhar a tua velocidade base. Daí muita intensidade nas séries de 200, uma vez que é ao máximo e depois muito descanso mas recuperar","","","","","","","","","","","","","","","","","","","","","","","","","","","","","","","","","","","","","",""
"Swim - Z5 + Z3","Swim","400 snorkel + fins 400 snorkel + pull 4x50 Z4 com 30"" intervalo 7x200 Z3 com 30"" intervalo 200 easy","0.833333333333333","2600","2026-07-30","","","","","","","","","","","","","","","","","","","","","","","","","","","","","","","","","","","","","","",""
"Uphill Stride Work","Run","Warm up about 20 minutes in zones 1-2. Then run 5x20 seconds up a moderate grade (3-5%) hill at RPE 9 (very high effort). Powerful, quick strides. Use arms vigorously. After each uphill, walk down slowly taking a minute or more for recovery. Cool down with heart rate in zone 1 for the remainder of the scheduled workout time. (This is best outdoors but may be done on a treadmill).","0.5","","2026-07-31","","","","","","","","","","","","","","","","","","","","","","","","","","","","","","","","","","","","","","",""
"Zona 2 + 30"" Maximo","Bike","20' Aquecimento 10x 9'30 Zona 3 30"" MUITO FORTES 10' easy","2.16666666666667","","2026-08-01","","51761.80859375","","","","","1.91611969470978","7.50400018692017","","","","149","184","","","0.828636952855865","148.12","12","21","32","28","8","9","5","","","","","","","","","","","","","","4","5"
"Transição - Tempo Run repartido","Run","3x(2' fast + 1' recovery + 1' fast + 30"" recovery + 30"" fast + 30"" recovery) 10' Cooldown","0.441666666666667","","2026-08-01","","","","","","","","","","","","","","","","","","","","","","","","","","","","","","","","","","","","","","",""
"Base Builder (Heart Rate)","Bike","Ride on a flat to gently rolling course. Get at least 50% of ride time in heart rate zone 2. Avoid 3-5 zones. Keep the 2-zone effort steady and continuous. After the ride confirm that you got at least 50% of the ride in zone 2.","3.5","","2026-08-02","","","","","","","","","","","","","","","","","","","","","","","","","","","","","","","","","","","","","","",""
"Running","Run","","","","2026-08-03","","6005.91015625","325","490","689.663","","0.588931977748871","2.83299994468689","","156","","161","187","","","1.70007813313321","168.6","0","0","3","17","6","2","7","","","","0","0","1","16","12","6","","","","","",""
"Pista - 10x300","Run","20' Aquecimento 4 retas progressivas 10x300 com 1' recuperação parado 10' Cooldown","1","","2026-08-05","","7652.5400390625","312","634","819.51","","0.729142546653748","2.91499996185303","","137","","163","187","","","1.90556680323663","262.04","1","2","3","11","10","6","11","","","","9","0","0","5","15","14","","","","","5","5"
"Base Builder (Heart Rate)","Bike","Ride on a flat to gently rolling course. Get at least 50% of ride time in heart rate zone 2. Avoid 3-5 zones. Keep the 2-zone effort steady and continuous. After the ride confirm that you got at least 50% of the ride in zone 2.","1.5","","2026-08-06","","","","","","","","","","","","","","","","","","","","","","","","","","","","","","","","","","","","","","",""
"Uphill Stride Work","Run","Warm up about 20 minutes in zones 1-2. Then run 5x20 seconds up a moderate grade (3-5%) hill at RPE 9 (very high effort). Powerful, quick strides. Use arms vigorously. After each uphill, walk down slowly taking a minute or more for recovery. Cool down with heart rate in zone 1 for the remainder of the scheduled workout time. (This is best outdoors but may be done on a treadmill).","0.5","","2026-08-07","","4496.10009765625","295","850","496.178","","0.466514736413956","2.67700004577637","","145","","163","189","","","1.67783419890591","129.11","1","2","2","6","2","7","10","","","","5","1","1","10","8","5","","","","","5","3"
"Águas Abertas","Swim","Rolar em zona 2 / 3","0.340833333333333","1500","2026-08-08","","1502.65002441406","","","","","0.527863919734955","0.791000008583069","","23","","125","143","","","0.711665435084366","19.03","22","10","0","0","0","0","0","","","","","","","","","","","","","","",""
"Tempo run progressivo","Run","15' aquecimento 1' fast + 1' easy 2' fast + 2' easy 3' fast + 3' easy 4'fast + 4' easy 5' fast + 5' easy 5' cooldown","0.833333333333333","","2026-08-08","","7413.7998046875","309","462","807.456","","0.725627481937408","2.83800005912781","","156","","164","178","","","1.59477903853008","182.78","1","1","0","3","13","23","2","","","","0","0","1","29","12","1","","","","","",""
"Base Builder (Heart Rate)","Bike","Ride on a flat to gently rolling course. Get at least 50% of ride time in heart rate zone 2. Avoid 3-5 zones. Keep the 2-zone effort steady and continuous. After the ride confirm that you got at least 50% of the ride in zone 2.","2.5","","2026-08-09","","75772.859375","","","","","2.93823575973511","7.16300010681152","","","","127","168","","","0.654587129388198","143.27","98","51","12","14","1","0","0","","","","","","","","","","","","","","",""
"Endurance run","Run","Correr com a Fc até 140-145","1.33333333333333","","2026-08-10","","13505.2197265625","316","591","1479.321","","1.29761362075806","2.89100003242493","","156","","154","172","","","1.64128582539307","347.45","1","6","11","51","6","2","0","","","","0","0","2","47","23","6","","","","","",""
"SS curto","Bike","","1.65","","2026-08-11","","","","","","","","","","","","","","","","","","","","","","","","","","","","","","","","","","","","","","",""
"Pista - 10x300","Run","20' Aquecimento 4 retas progressivas 10x300 com 1' recuperação 10' Cooldown","1","","2026-08-12","","","","","","","","","","","","","","","","","","","","","","","","","","","","","","","","","","","","","","",""
"Base Builder (Heart Rate)","Bike","Ride on a flat to gently rolling course. Get at least 50% of ride time in heart rate zone 2. Avoid 3-5 zones. Keep the 2-zone effort steady and continuous. After the ride confirm that you got at least 50% of the ride in zone 2.","1.5","","2026-08-13","","","","","","","","","","","","","","","","","","","","","","","","","","","","","","","","","","","","","","",""
"Uphill Stride Work","Run","Warm up about 20 minutes in zones 1-2. Then run 5x20 seconds up a moderate grade (3-5%) hill at RPE 9 (very high effort). Powerful, quick strides. Use arms vigorously. After each uphill, walk down slowly taking a minute or more for recovery. Cool down with heart rate in zone 1 for the remainder of the scheduled workout time. (This is best outdoors but may be done on a treadmill).","0.5","","2026-08-14","","","","","","","","","","","","","","","","","","","","","","","","","","","","","","","","","","","","","","",""
"Cycling","Bike","","","","2026-08-15","","48845.05859375","","","","","2.07664632797241","6.53399991989136","","","","163","180","","","0.979720211597869","224.85","4","5","3","25","24","36","28","","","","","","","","","","","","","","",""
"Base Builder (Heart Rate)","Bike","Ride on a flat to gently rolling course. Get at least 50% of ride time in heart rate zone 2. Avoid 3-5 zones. Keep the 2-zone effort steady and continuous. After the ride confirm that you got at least 50% of the ride in zone 2.","2.5","","2026-08-16","","","","","","","","","","","","","","","","","","","","","","","","","","","","","","","","","","","","","","",""
"Tempo run progressivo","Run","15' aquecimento 1' fast + 1' easy 2' fast + 2' easy 3' fast + 3' easy 4'fast + 4' easy 5' fast + 5' easy 5' cooldown","0.833333333333333","","2026-08-17","","","","","","","","","","","","","","","","","","","","","","","","","","","","","","","","","","","","","","",""
"Águas Abertas","Swim","30' zona 2 4 entradas na água como em prova. Na última sair e tirar o fato","0.583333333333333","","2026-08-18","","","","","","","","","","","","","","","","","","","","","","","","","","","","","","","","","","","","","","",""
"Running","Run","","","","2026-08-18","","8543.150390625","309","411","927.145","","0.833423614501953","2.84699988365173","","155","","156","178","","","1.58586961510341","207.11","1","1","6","29","7","7","0","","","","0","0","0","40","9","0","","","","","",""
"SS curto","Bike","","1.65","","2026-08-19","","62819.078125","","","","","2.61670231819153","6.66900014877319","","","","122","158","","","0.616776444015358","112.94","120","35","2","0","0","0","0","","","","","","","","","","","","","","5","1"
"Transição - 20' Run - Zn3","Run","Corrida em Zn3","0.333333333333333","","2026-08-19","","","","","","","","","","","","","","","","","","","","","","","","","","","","","","","","","","","","","","",""
"Zn1 - Regenerativo","Bike","Treino regenerativo Percurso plano Zn1 - rolar fácil","1","","2026-08-20","","","","","","","","","","","","","","","","","","","","","","","","","","","","","","","","","","","","","","",""
"AE1","Run","Imediatamente a seguir à bike, corrida em zona 1 num percurso plano e piso macio","0.25","","2026-08-20","","","","","","","","","","","","","","","","","","","","","","","","","","","","","","","","","","","","","","",""
"Open Water Swimming","Swim","","","","2026-08-20","","1582.68994140625","","","","","0.547323346138","0.802999973297119","","24","","112","130","","","0.722922725923332","20.68","33","0","0","0","0","0","0","","","","","","","","","","","","","","",""
"Breathing","Other","","","","2026-08-20","","","","","","","0.092777781188488","","","","","66","77","","","0.53625416280951","2.79","6","0","0","0","0","0","0","","","","","","","","","","","","","","",""
"Águas Abertas - 10x30""","Swim","15' Warm-up 10x(30"" race pace + 30"" easy) 5' CD","0.5","1640","2026-08-21","","","","","","","","","","","","","","","","","","","","","","","","","","","","","","","","","","","","","","",""
"Running","Run","","","","2026-08-21","","11402.990234375","315","400","1241.588","","1.09507358074188","2.89199995994568","","157","","157","171","","","1.62318807148667","286.81","1","1","7","39","11","7","0","","","","0","0","0","40","25","1","","","","","",""
"Cycling","Bike","","","","2026-08-22","","32672.4609375","","","","","1.23237299919128","7.36399984359741","","","","135","156","","","0.701075017444587","67.44","20","40","11","3","0","0","0","","","","","","","","","","","","","","",""
"Base Builder (Heart Rate)","Bike","Ride on a flat to gently rolling course. Get at least 50% of ride time in heart rate zone 2. Avoid 3-5 zones. Keep the 2-zone effort steady and continuous. After the ride confirm that you got at least 50% of the ride in zone 2.","3","","2026-08-23","","","","","","","","","","","","","","","","","","","","","","","","","","","","","","","","","","","","","","",""
"Endurance run","Run","Correr em zona 2","1.25","","2026-08-24","","","","","","","","","","","","","","","","","","","","","","","","","","","","","","","","","","","","","","",""
"Base Builder (Heart Rate)","Bike","Ride on a flat to gently rolling course. Get at least 50% of ride time in heart rate zone 2. Avoid 3-5 zones. Keep the 2-zone effort steady and continuous. After the ride confirm that you got at least 50% of the ride in zone 2.","2","","2026-08-25","","44722.53125","","","","","1.6596223115921","7.4850001335144","","","","149","173","","","0.826099577230475","127.05","14","5","17","46","11","6","0","","","","","","","","","","","","","","",""
"Pista - 2x(3x600)","Run","20' Aquecimento 4 retas progressivas de 20"" 2x( 3x600 Z4 com 45"" recuperação trote muito devagar) entre os sets fazer 800m em zona 1/2 10' easy","1.00222222222222","","2026-08-26","","","","","","","","","","","","","","","","","","","","","","","","","","","","","","","","","","","","","","",""
